case_id,defect_id,category,expected_error_code,case_path,clean
D01-01,D01,Structural,MISSING_ARTIFACT,examples/corrupted_artifact_cases_extended/d01/case_01,false
D01-02,D01,Structural,MISSING_ARTIFACT,examples/corrupted_artifact_cases_extended/d01/case_02,false
D01-03,D01,Structural,MISSING_ARTIFACT,examples/corrupted_artifact_cases_extended/d01/case_03,false
D01-04,D01,Structural,MISSING_ARTIFACT,examples/corrupted_artifact_cases_extended/d01/case_04,false
D01-05,D01,Structural,MISSING_ARTIFACT,examples/corrupted_artifact_cases_extended/d01/case_05,false
D01-06,D01,Structural,MISSING_ARTIFACT,examples/corrupted_artifact_cases_extended/d01/case_06,false
D01-07,D01,Structural,MISSING_ARTIFACT,examples/corrupted_artifact_cases_extended/d01/case_07,false
D01-08,D01,Structural,MISSING_ARTIFACT,examples/corrupted_artifact_cases_extended/d01/case_08,false
D01-09,D01,Structural,MISSING_ARTIFACT,examples/corrupted_artifact_cases_extended/d01/case_09,false
D01-10,D01,Structural,MISSING_ARTIFACT,examples/corrupted_artifact_cases_extended/d01/case_10,false
D01-11,D01,Structural,MISSING_ARTIFACT,examples/corrupted_artifact_cases_extended/d01/case_11,false
D01-12,D01,Structural,MISSING_ARTIFACT,examples/corrupted_artifact_cases_extended/d01/case_12,false
D01-13,D01,Structural,MISSING_ARTIFACT,examples/corrupted_artifact_cases_extended/d01/case_13,false
D01-14,D01,Structural,MISSING_ARTIFACT,examples/corrupted_artifact_cases_extended/d01/case_14,false
D01-15,D01,Structural,MISSING_ARTIFACT,examples/corrupted_artifact_cases_extended/d01/case_15,false
D01-16,D01,Structural,MISSING_ARTIFACT,examples/corrupted_artifact_cases_extended/d01/case_16,false
D01-17,D01,Structural,MISSING_ARTIFACT,examples/corrupted_artifact_cases_extended/d01/case_17,false
D01-18,D01,Structural,MISSING_ARTIFACT,examples/corrupted_artifact_cases_extended/d01/case_18,false
D01-19,D01,Structural,MISSING_ARTIFACT,examples/corrupted_artifact_cases_extended/d01/case_19,false
D01-20,D01,Structural,MISSING_ARTIFACT,examples/corrupted_artifact_cases_extended/d01/case_20,false
D01-21,D01,Structural,MISSING_ARTIFACT,examples/corrupted_artifact_cases_extended/d01/case_21,false
D01-22,D01,Structural,MISSING_ARTIFACT,examples/corrupted_artifact_cases_extended/d01/case_22,false
D01-23,D01,Structural,MISSING_ARTIFACT,examples/corrupted_artifact_cases_extended/d01/case_23,false
D01-24,D01,Structural,MISSING_ARTIFACT,examples/corrupted_artifact_cases_extended/d01/case_24,false
D01-25,D01,Structural,MISSING_ARTIFACT,examples/corrupted_artifact_cases_extended/d01/case_25,false
D01-26,D01,Structural,MISSING_ARTIFACT,examples/corrupted_artifact_cases_extended/d01/case_26,false
D01-27,D01,Structural,MISSING_ARTIFACT,examples/corrupted_artifact_cases_extended/d01/case_27,false
D01-28,D01,Structural,MISSING_ARTIFACT,examples/corrupted_artifact_cases_extended/d01/case_28,false
D01-29,D01,Structural,MISSING_ARTIFACT,examples/corrupted_artifact_cases_extended/d01/case_29,false
D01-30,D01,Structural,MISSING_ARTIFACT,examples/corrupted_artifact_cases_extended/d01/case_30,false
D02-01,D02,Structural,UNINDEXED_ARTIFACT,examples/corrupted_artifact_cases_extended/d02/case_01,false
D02-02,D02,Structural,UNINDEXED_ARTIFACT,examples/corrupted_artifact_cases_extended/d02/case_02,false
D02-03,D02,Structural,UNINDEXED_ARTIFACT,examples/corrupted_artifact_cases_extended/d02/case_03,false
D02-04,D02,Structural,UNINDEXED_ARTIFACT,examples/corrupted_artifact_cases_extended/d02/case_04,false
D02-05,D02,Structural,UNINDEXED_ARTIFACT,examples/corrupted_artifact_cases_extended/d02/case_05,false
D02-06,D02,Structural,UNINDEXED_ARTIFACT,examples/corrupted_artifact_cases_extended/d02/case_06,false
D02-07,D02,Structural,UNINDEXED_ARTIFACT,examples/corrupted_artifact_cases_extended/d02/case_07,false
D02-08,D02,Structural,UNINDEXED_ARTIFACT,examples/corrupted_artifact_cases_extended/d02/case_08,false
D02-09,D02,Structural,UNINDEXED_ARTIFACT,examples/corrupted_artifact_cases_extended/d02/case_09,false
D02-10,D02,Structural,UNINDEXED_ARTIFACT,examples/corrupted_artifact_cases_extended/d02/case_10,false
D02-11,D02,Structural,UNINDEXED_ARTIFACT,examples/corrupted_artifact_cases_extended/d02/case_11,false
D02-12,D02,Structural,UNINDEXED_ARTIFACT,examples/corrupted_artifact_cases_extended/d02/case_12,false
D02-13,D02,Structural,UNINDEXED_ARTIFACT,examples/corrupted_artifact_cases_extended/d02/case_13,false
D02-14,D02,Structural,UNINDEXED_ARTIFACT,examples/corrupted_artifact_cases_extended/d02/case_14,false
D02-15,D02,Structural,UNINDEXED_ARTIFACT,examples/corrupted_artifact_cases_extended/d02/case_15,false
D02-16,D02,Structural,UNINDEXED_ARTIFACT,examples/corrupted_artifact_cases_extended/d02/case_16,false
D02-17,D02,Structural,UNINDEXED_ARTIFACT,examples/corrupted_artifact_cases_extended/d02/case_17,false
D02-18,D02,Structural,UNINDEXED_ARTIFACT,examples/corrupted_artifact_cases_extended/d02/case_18,false
D02-19,D02,Structural,UNINDEXED_ARTIFACT,examples/corrupted_artifact_cases_extended/d02/case_19,false
D02-20,D02,Structural,UNINDEXED_ARTIFACT,examples/corrupted_artifact_cases_extended/d02/case_20,false
D02-21,D02,Structural,UNINDEXED_ARTIFACT,examples/corrupted_artifact_cases_extended/d02/case_21,false
D02-22,D02,Structural,UNINDEXED_ARTIFACT,examples/corrupted_artifact_cases_extended/d02/case_22,false
D02-23,D02,Structural,UNINDEXED_ARTIFACT,examples/corrupted_artifact_cases_extended/d02/case_23,false
D02-24,D02,Structural,UNINDEXED_ARTIFACT,examples/corrupted_artifact_cases_extended/d02/case_24,false
D02-25,D02,Structural,UNINDEXED_ARTIFACT,examples/corrupted_artifact_cases_extended/d02/case_25,false
D02-26,D02,Structural,UNINDEXED_ARTIFACT,examples/corrupted_artifact_cases_extended/d02/case_26,false
D02-27,D02,Structural,UNINDEXED_ARTIFACT,examples/corrupted_artifact_cases_extended/d02/case_27,false
D02-28,D02,Structural,UNINDEXED_ARTIFACT,examples/corrupted_artifact_cases_extended/d02/case_28,false
D02-29,D02,Structural,UNINDEXED_ARTIFACT,examples/corrupted_artifact_cases_extended/d02/case_29,false
D02-30,D02,Structural,UNINDEXED_ARTIFACT,examples/corrupted_artifact_cases_extended/d02/case_30,false
D03-01,D03,Structural,SCHEMA_INVALID,examples/corrupted_artifact_cases_extended/d03/case_01,false
D03-02,D03,Structural,SCHEMA_INVALID,examples/corrupted_artifact_cases_extended/d03/case_02,false
D03-03,D03,Structural,SCHEMA_INVALID,examples/corrupted_artifact_cases_extended/d03/case_03,false
D03-04,D03,Structural,SCHEMA_INVALID,examples/corrupted_artifact_cases_extended/d03/case_04,false
D03-05,D03,Structural,SCHEMA_INVALID,examples/corrupted_artifact_cases_extended/d03/case_05,false
D03-06,D03,Structural,SCHEMA_INVALID,examples/corrupted_artifact_cases_extended/d03/case_06,false
D03-07,D03,Structural,SCHEMA_INVALID,examples/corrupted_artifact_cases_extended/d03/case_07,false
D03-08,D03,Structural,SCHEMA_INVALID,examples/corrupted_artifact_cases_extended/d03/case_08,false
D03-09,D03,Structural,SCHEMA_INVALID,examples/corrupted_artifact_cases_extended/d03/case_09,false
D03-10,D03,Structural,SCHEMA_INVALID,examples/corrupted_artifact_cases_extended/d03/case_10,false
D03-11,D03,Structural,SCHEMA_INVALID,examples/corrupted_artifact_cases_extended/d03/case_11,false
D03-12,D03,Structural,SCHEMA_INVALID,examples/corrupted_artifact_cases_extended/d03/case_12,false
D03-13,D03,Structural,SCHEMA_INVALID,examples/corrupted_artifact_cases_extended/d03/case_13,false
D03-14,D03,Structural,SCHEMA_INVALID,examples/corrupted_artifact_cases_extended/d03/case_14,false
D03-15,D03,Structural,SCHEMA_INVALID,examples/corrupted_artifact_cases_extended/d03/case_15,false
D03-16,D03,Structural,SCHEMA_INVALID,examples/corrupted_artifact_cases_extended/d03/case_16,false
D03-17,D03,Structural,SCHEMA_INVALID,examples/corrupted_artifact_cases_extended/d03/case_17,false
D03-18,D03,Structural,SCHEMA_INVALID,examples/corrupted_artifact_cases_extended/d03/case_18,false
D03-19,D03,Structural,SCHEMA_INVALID,examples/corrupted_artifact_cases_extended/d03/case_19,false
D03-20,D03,Structural,SCHEMA_INVALID,examples/corrupted_artifact_cases_extended/d03/case_20,false
D03-21,D03,Structural,SCHEMA_INVALID,examples/corrupted_artifact_cases_extended/d03/case_21,false
D03-22,D03,Structural,SCHEMA_INVALID,examples/corrupted_artifact_cases_extended/d03/case_22,false
D03-23,D03,Structural,SCHEMA_INVALID,examples/corrupted_artifact_cases_extended/d03/case_23,false
D03-24,D03,Structural,SCHEMA_INVALID,examples/corrupted_artifact_cases_extended/d03/case_24,false
D03-25,D03,Structural,SCHEMA_INVALID,examples/corrupted_artifact_cases_extended/d03/case_25,false
D03-26,D03,Structural,SCHEMA_INVALID,examples/corrupted_artifact_cases_extended/d03/case_26,false
D03-27,D03,Structural,SCHEMA_INVALID,examples/corrupted_artifact_cases_extended/d03/case_27,false
D03-28,D03,Structural,SCHEMA_INVALID,examples/corrupted_artifact_cases_extended/d03/case_28,false
D03-29,D03,Structural,SCHEMA_INVALID,examples/corrupted_artifact_cases_extended/d03/case_29,false
D03-30,D03,Structural,SCHEMA_INVALID,examples/corrupted_artifact_cases_extended/d03/case_30,false
D04-01,D04,Structural,BROKEN_PATH,examples/corrupted_artifact_cases_extended/d04/case_01,false
D04-02,D04,Structural,BROKEN_PATH,examples/corrupted_artifact_cases_extended/d04/case_02,false
D04-03,D04,Structural,BROKEN_PATH,examples/corrupted_artifact_cases_extended/d04/case_03,false
D04-04,D04,Structural,BROKEN_PATH,examples/corrupted_artifact_cases_extended/d04/case_04,false
D04-05,D04,Structural,BROKEN_PATH,examples/corrupted_artifact_cases_extended/d04/case_05,false
D04-06,D04,Structural,BROKEN_PATH,examples/corrupted_artifact_cases_extended/d04/case_06,false
D04-07,D04,Structural,BROKEN_PATH,examples/corrupted_artifact_cases_extended/d04/case_07,false
D04-08,D04,Structural,BROKEN_PATH,examples/corrupted_artifact_cases_extended/d04/case_08,false
D04-09,D04,Structural,BROKEN_PATH,examples/corrupted_artifact_cases_extended/d04/case_09,false
D04-10,D04,Structural,BROKEN_PATH,examples/corrupted_artifact_cases_extended/d04/case_10,false
D04-11,D04,Structural,BROKEN_PATH,examples/corrupted_artifact_cases_extended/d04/case_11,false
D04-12,D04,Structural,BROKEN_PATH,examples/corrupted_artifact_cases_extended/d04/case_12,false
D04-13,D04,Structural,BROKEN_PATH,examples/corrupted_artifact_cases_extended/d04/case_13,false
D04-14,D04,Structural,BROKEN_PATH,examples/corrupted_artifact_cases_extended/d04/case_14,false
D04-15,D04,Structural,BROKEN_PATH,examples/corrupted_artifact_cases_extended/d04/case_15,false
D04-16,D04,Structural,BROKEN_PATH,examples/corrupted_artifact_cases_extended/d04/case_16,false
D04-17,D04,Structural,BROKEN_PATH,examples/corrupted_artifact_cases_extended/d04/case_17,false
D04-18,D04,Structural,BROKEN_PATH,examples/corrupted_artifact_cases_extended/d04/case_18,false
D04-19,D04,Structural,BROKEN_PATH,examples/corrupted_artifact_cases_extended/d04/case_19,false
D04-20,D04,Structural,BROKEN_PATH,examples/corrupted_artifact_cases_extended/d04/case_20,false
D04-21,D04,Structural,BROKEN_PATH,examples/corrupted_artifact_cases_extended/d04/case_21,false
D04-22,D04,Structural,BROKEN_PATH,examples/corrupted_artifact_cases_extended/d04/case_22,false
D04-23,D04,Structural,BROKEN_PATH,examples/corrupted_artifact_cases_extended/d04/case_23,false
D04-24,D04,Structural,BROKEN_PATH,examples/corrupted_artifact_cases_extended/d04/case_24,false
D04-25,D04,Structural,BROKEN_PATH,examples/corrupted_artifact_cases_extended/d04/case_25,false
D04-26,D04,Structural,BROKEN_PATH,examples/corrupted_artifact_cases_extended/d04/case_26,false
D04-27,D04,Structural,BROKEN_PATH,examples/corrupted_artifact_cases_extended/d04/case_27,false
D04-28,D04,Structural,BROKEN_PATH,examples/corrupted_artifact_cases_extended/d04/case_28,false
D04-29,D04,Structural,BROKEN_PATH,examples/corrupted_artifact_cases_extended/d04/case_29,false
D04-30,D04,Structural,BROKEN_PATH,examples/corrupted_artifact_cases_extended/d04/case_30,false
D05-01,D05,Integrity,HASH_MISMATCH,examples/corrupted_artifact_cases_extended/d05/case_01,false
D05-02,D05,Integrity,HASH_MISMATCH,examples/corrupted_artifact_cases_extended/d05/case_02,false
D05-03,D05,Integrity,HASH_MISMATCH,examples/corrupted_artifact_cases_extended/d05/case_03,false
D05-04,D05,Integrity,HASH_MISMATCH,examples/corrupted_artifact_cases_extended/d05/case_04,false
D05-05,D05,Integrity,HASH_MISMATCH,examples/corrupted_artifact_cases_extended/d05/case_05,false
D05-06,D05,Integrity,HASH_MISMATCH,examples/corrupted_artifact_cases_extended/d05/case_06,false
D05-07,D05,Integrity,HASH_MISMATCH,examples/corrupted_artifact_cases_extended/d05/case_07,false
D05-08,D05,Integrity,HASH_MISMATCH,examples/corrupted_artifact_cases_extended/d05/case_08,false
D05-09,D05,Integrity,HASH_MISMATCH,examples/corrupted_artifact_cases_extended/d05/case_09,false
D05-10,D05,Integrity,HASH_MISMATCH,examples/corrupted_artifact_cases_extended/d05/case_10,false
D05-11,D05,Integrity,HASH_MISMATCH,examples/corrupted_artifact_cases_extended/d05/case_11,false
D05-12,D05,Integrity,HASH_MISMATCH,examples/corrupted_artifact_cases_extended/d05/case_12,false
D05-13,D05,Integrity,HASH_MISMATCH,examples/corrupted_artifact_cases_extended/d05/case_13,false
D05-14,D05,Integrity,HASH_MISMATCH,examples/corrupted_artifact_cases_extended/d05/case_14,false
D05-15,D05,Integrity,HASH_MISMATCH,examples/corrupted_artifact_cases_extended/d05/case_15,false
D05-16,D05,Integrity,HASH_MISMATCH,examples/corrupted_artifact_cases_extended/d05/case_16,false
D05-17,D05,Integrity,HASH_MISMATCH,examples/corrupted_artifact_cases_extended/d05/case_17,false
D05-18,D05,Integrity,HASH_MISMATCH,examples/corrupted_artifact_cases_extended/d05/case_18,false
D05-19,D05,Integrity,HASH_MISMATCH,examples/corrupted_artifact_cases_extended/d05/case_19,false
D05-20,D05,Integrity,HASH_MISMATCH,examples/corrupted_artifact_cases_extended/d05/case_20,false
D05-21,D05,Integrity,HASH_MISMATCH,examples/corrupted_artifact_cases_extended/d05/case_21,false
D05-22,D05,Integrity,HASH_MISMATCH,examples/corrupted_artifact_cases_extended/d05/case_22,false
D05-23,D05,Integrity,HASH_MISMATCH,examples/corrupted_artifact_cases_extended/d05/case_23,false
D05-24,D05,Integrity,HASH_MISMATCH,examples/corrupted_artifact_cases_extended/d05/case_24,false
D05-25,D05,Integrity,HASH_MISMATCH,examples/corrupted_artifact_cases_extended/d05/case_25,false
D05-26,D05,Integrity,HASH_MISMATCH,examples/corrupted_artifact_cases_extended/d05/case_26,false
D05-27,D05,Integrity,HASH_MISMATCH,examples/corrupted_artifact_cases_extended/d05/case_27,false
D05-28,D05,Integrity,HASH_MISMATCH,examples/corrupted_artifact_cases_extended/d05/case_28,false
D05-29,D05,Integrity,HASH_MISMATCH,examples/corrupted_artifact_cases_extended/d05/case_29,false
D05-30,D05,Integrity,HASH_MISMATCH,examples/corrupted_artifact_cases_extended/d05/case_30,false
D06-01,D06,Integrity,STALE_CHECKSUM,examples/corrupted_artifact_cases_extended/d06/case_01,false
D06-02,D06,Integrity,STALE_CHECKSUM,examples/corrupted_artifact_cases_extended/d06/case_02,false
D06-03,D06,Integrity,STALE_CHECKSUM,examples/corrupted_artifact_cases_extended/d06/case_03,false
D06-04,D06,Integrity,STALE_CHECKSUM,examples/corrupted_artifact_cases_extended/d06/case_04,false
D06-05,D06,Integrity,STALE_CHECKSUM,examples/corrupted_artifact_cases_extended/d06/case_05,false
D06-06,D06,Integrity,STALE_CHECKSUM,examples/corrupted_artifact_cases_extended/d06/case_06,false
D06-07,D06,Integrity,STALE_CHECKSUM,examples/corrupted_artifact_cases_extended/d06/case_07,false
D06-08,D06,Integrity,STALE_CHECKSUM,examples/corrupted_artifact_cases_extended/d06/case_08,false
D06-09,D06,Integrity,STALE_CHECKSUM,examples/corrupted_artifact_cases_extended/d06/case_09,false
D06-10,D06,Integrity,STALE_CHECKSUM,examples/corrupted_artifact_cases_extended/d06/case_10,false
D06-11,D06,Integrity,STALE_CHECKSUM,examples/corrupted_artifact_cases_extended/d06/case_11,false
D06-12,D06,Integrity,STALE_CHECKSUM,examples/corrupted_artifact_cases_extended/d06/case_12,false
D06-13,D06,Integrity,STALE_CHECKSUM,examples/corrupted_artifact_cases_extended/d06/case_13,false
D06-14,D06,Integrity,STALE_CHECKSUM,examples/corrupted_artifact_cases_extended/d06/case_14,false
D06-15,D06,Integrity,STALE_CHECKSUM,examples/corrupted_artifact_cases_extended/d06/case_15,false
D06-16,D06,Integrity,STALE_CHECKSUM,examples/corrupted_artifact_cases_extended/d06/case_16,false
D06-17,D06,Integrity,STALE_CHECKSUM,examples/corrupted_artifact_cases_extended/d06/case_17,false
D06-18,D06,Integrity,STALE_CHECKSUM,examples/corrupted_artifact_cases_extended/d06/case_18,false
D06-19,D06,Integrity,STALE_CHECKSUM,examples/corrupted_artifact_cases_extended/d06/case_19,false
D06-20,D06,Integrity,STALE_CHECKSUM,examples/corrupted_artifact_cases_extended/d06/case_20,false
D06-21,D06,Integrity,STALE_CHECKSUM,examples/corrupted_artifact_cases_extended/d06/case_21,false
D06-22,D06,Integrity,STALE_CHECKSUM,examples/corrupted_artifact_cases_extended/d06/case_22,false
D06-23,D06,Integrity,STALE_CHECKSUM,examples/corrupted_artifact_cases_extended/d06/case_23,false
D06-24,D06,Integrity,STALE_CHECKSUM,examples/corrupted_artifact_cases_extended/d06/case_24,false
D06-25,D06,Integrity,STALE_CHECKSUM,examples/corrupted_artifact_cases_extended/d06/case_25,false
D06-26,D06,Integrity,STALE_CHECKSUM,examples/corrupted_artifact_cases_extended/d06/case_26,false
D06-27,D06,Integrity,STALE_CHECKSUM,examples/corrupted_artifact_cases_extended/d06/case_27,false
D06-28,D06,Integrity,STALE_CHECKSUM,examples/corrupted_artifact_cases_extended/d06/case_28,false
D06-29,D06,Integrity,STALE_CHECKSUM,examples/corrupted_artifact_cases_extended/d06/case_29,false
D06-30,D06,Integrity,STALE_CHECKSUM,examples/corrupted_artifact_cases_extended/d06/case_30,false
D07-01,D07,Integrity,DUPLICATE_ARTIFACT_ID,examples/corrupted_artifact_cases_extended/d07/case_01,false
D07-02,D07,Integrity,DUPLICATE_ARTIFACT_ID,examples/corrupted_artifact_cases_extended/d07/case_02,false
D07-03,D07,Integrity,DUPLICATE_ARTIFACT_ID,examples/corrupted_artifact_cases_extended/d07/case_03,false
D07-04,D07,Integrity,DUPLICATE_ARTIFACT_ID,examples/corrupted_artifact_cases_extended/d07/case_04,false
D07-05,D07,Integrity,DUPLICATE_ARTIFACT_ID,examples/corrupted_artifact_cases_extended/d07/case_05,false
D07-06,D07,Integrity,DUPLICATE_ARTIFACT_ID,examples/corrupted_artifact_cases_extended/d07/case_06,false
D07-07,D07,Integrity,DUPLICATE_ARTIFACT_ID,examples/corrupted_artifact_cases_extended/d07/case_07,false
D07-08,D07,Integrity,DUPLICATE_ARTIFACT_ID,examples/corrupted_artifact_cases_extended/d07/case_08,false
D07-09,D07,Integrity,DUPLICATE_ARTIFACT_ID,examples/corrupted_artifact_cases_extended/d07/case_09,false
D07-10,D07,Integrity,DUPLICATE_ARTIFACT_ID,examples/corrupted_artifact_cases_extended/d07/case_10,false
D07-11,D07,Integrity,DUPLICATE_ARTIFACT_ID,examples/corrupted_artifact_cases_extended/d07/case_11,false
D07-12,D07,Integrity,DUPLICATE_ARTIFACT_ID,examples/corrupted_artifact_cases_extended/d07/case_12,false
D07-13,D07,Integrity,DUPLICATE_ARTIFACT_ID,examples/corrupted_artifact_cases_extended/d07/case_13,false
D07-14,D07,Integrity,DUPLICATE_ARTIFACT_ID,examples/corrupted_artifact_cases_extended/d07/case_14,false
D07-15,D07,Integrity,DUPLICATE_ARTIFACT_ID,examples/corrupted_artifact_cases_extended/d07/case_15,false
D07-16,D07,Integrity,DUPLICATE_ARTIFACT_ID,examples/corrupted_artifact_cases_extended/d07/case_16,false
D07-17,D07,Integrity,DUPLICATE_ARTIFACT_ID,examples/corrupted_artifact_cases_extended/d07/case_17,false
D07-18,D07,Integrity,DUPLICATE_ARTIFACT_ID,examples/corrupted_artifact_cases_extended/d07/case_18,false
D07-19,D07,Integrity,DUPLICATE_ARTIFACT_ID,examples/corrupted_artifact_cases_extended/d07/case_19,false
D07-20,D07,Integrity,DUPLICATE_ARTIFACT_ID,examples/corrupted_artifact_cases_extended/d07/case_20,false
D07-21,D07,Integrity,DUPLICATE_ARTIFACT_ID,examples/corrupted_artifact_cases_extended/d07/case_21,false
D07-22,D07,Integrity,DUPLICATE_ARTIFACT_ID,examples/corrupted_artifact_cases_extended/d07/case_22,false
D07-23,D07,Integrity,DUPLICATE_ARTIFACT_ID,examples/corrupted_artifact_cases_extended/d07/case_23,false
D07-24,D07,Integrity,DUPLICATE_ARTIFACT_ID,examples/corrupted_artifact_cases_extended/d07/case_24,false
D07-25,D07,Integrity,DUPLICATE_ARTIFACT_ID,examples/corrupted_artifact_cases_extended/d07/case_25,false
D07-26,D07,Integrity,DUPLICATE_ARTIFACT_ID,examples/corrupted_artifact_cases_extended/d07/case_26,false
D07-27,D07,Integrity,DUPLICATE_ARTIFACT_ID,examples/corrupted_artifact_cases_extended/d07/case_27,false
D07-28,D07,Integrity,DUPLICATE_ARTIFACT_ID,examples/corrupted_artifact_cases_extended/d07/case_28,false
D07-29,D07,Integrity,DUPLICATE_ARTIFACT_ID,examples/corrupted_artifact_cases_extended/d07/case_29,false
D07-30,D07,Integrity,DUPLICATE_ARTIFACT_ID,examples/corrupted_artifact_cases_extended/d07/case_30,false
D08-01,D08,Provenance,MISSING_TOOL_VERSION,examples/corrupted_artifact_cases_extended/d08/case_01,false
D08-02,D08,Provenance,MISSING_TOOL_VERSION,examples/corrupted_artifact_cases_extended/d08/case_02,false
D08-03,D08,Provenance,MISSING_TOOL_VERSION,examples/corrupted_artifact_cases_extended/d08/case_03,false
D08-04,D08,Provenance,MISSING_TOOL_VERSION,examples/corrupted_artifact_cases_extended/d08/case_04,false
D08-05,D08,Provenance,MISSING_TOOL_VERSION,examples/corrupted_artifact_cases_extended/d08/case_05,false
D08-06,D08,Provenance,MISSING_TOOL_VERSION,examples/corrupted_artifact_cases_extended/d08/case_06,false
D08-07,D08,Provenance,MISSING_TOOL_VERSION,examples/corrupted_artifact_cases_extended/d08/case_07,false
D08-08,D08,Provenance,MISSING_TOOL_VERSION,examples/corrupted_artifact_cases_extended/d08/case_08,false
D08-09,D08,Provenance,MISSING_TOOL_VERSION,examples/corrupted_artifact_cases_extended/d08/case_09,false
D08-10,D08,Provenance,MISSING_TOOL_VERSION,examples/corrupted_artifact_cases_extended/d08/case_10,false
D08-11,D08,Provenance,MISSING_TOOL_VERSION,examples/corrupted_artifact_cases_extended/d08/case_11,false
D08-12,D08,Provenance,MISSING_TOOL_VERSION,examples/corrupted_artifact_cases_extended/d08/case_12,false
D08-13,D08,Provenance,MISSING_TOOL_VERSION,examples/corrupted_artifact_cases_extended/d08/case_13,false
D08-14,D08,Provenance,MISSING_TOOL_VERSION,examples/corrupted_artifact_cases_extended/d08/case_14,false
D08-15,D08,Provenance,MISSING_TOOL_VERSION,examples/corrupted_artifact_cases_extended/d08/case_15,false
D08-16,D08,Provenance,MISSING_TOOL_VERSION,examples/corrupted_artifact_cases_extended/d08/case_16,false
D08-17,D08,Provenance,MISSING_TOOL_VERSION,examples/corrupted_artifact_cases_extended/d08/case_17,false
D08-18,D08,Provenance,MISSING_TOOL_VERSION,examples/corrupted_artifact_cases_extended/d08/case_18,false
D08-19,D08,Provenance,MISSING_TOOL_VERSION,examples/corrupted_artifact_cases_extended/d08/case_19,false
D08-20,D08,Provenance,MISSING_TOOL_VERSION,examples/corrupted_artifact_cases_extended/d08/case_20,false
D08-21,D08,Provenance,MISSING_TOOL_VERSION,examples/corrupted_artifact_cases_extended/d08/case_21,false
D08-22,D08,Provenance,MISSING_TOOL_VERSION,examples/corrupted_artifact_cases_extended/d08/case_22,false
D08-23,D08,Provenance,MISSING_TOOL_VERSION,examples/corrupted_artifact_cases_extended/d08/case_23,false
D08-24,D08,Provenance,MISSING_TOOL_VERSION,examples/corrupted_artifact_cases_extended/d08/case_24,false
D08-25,D08,Provenance,MISSING_TOOL_VERSION,examples/corrupted_artifact_cases_extended/d08/case_25,false
D08-26,D08,Provenance,MISSING_TOOL_VERSION,examples/corrupted_artifact_cases_extended/d08/case_26,false
D08-27,D08,Provenance,MISSING_TOOL_VERSION,examples/corrupted_artifact_cases_extended/d08/case_27,false
D08-28,D08,Provenance,MISSING_TOOL_VERSION,examples/corrupted_artifact_cases_extended/d08/case_28,false
D08-29,D08,Provenance,MISSING_TOOL_VERSION,examples/corrupted_artifact_cases_extended/d08/case_29,false
D08-30,D08,Provenance,MISSING_TOOL_VERSION,examples/corrupted_artifact_cases_extended/d08/case_30,false
D09-01,D09,Provenance,TOOL_VERSION_DRIFT,examples/corrupted_artifact_cases_extended/d09/case_01,false
D09-02,D09,Provenance,TOOL_VERSION_DRIFT,examples/corrupted_artifact_cases_extended/d09/case_02,false
D09-03,D09,Provenance,TOOL_VERSION_DRIFT,examples/corrupted_artifact_cases_extended/d09/case_03,false
D09-04,D09,Provenance,TOOL_VERSION_DRIFT,examples/corrupted_artifact_cases_extended/d09/case_04,false
D09-05,D09,Provenance,TOOL_VERSION_DRIFT,examples/corrupted_artifact_cases_extended/d09/case_05,false
D09-06,D09,Provenance,TOOL_VERSION_DRIFT,examples/corrupted_artifact_cases_extended/d09/case_06,false
D09-07,D09,Provenance,TOOL_VERSION_DRIFT,examples/corrupted_artifact_cases_extended/d09/case_07,false
D09-08,D09,Provenance,TOOL_VERSION_DRIFT,examples/corrupted_artifact_cases_extended/d09/case_08,false
D09-09,D09,Provenance,TOOL_VERSION_DRIFT,examples/corrupted_artifact_cases_extended/d09/case_09,false
D09-10,D09,Provenance,TOOL_VERSION_DRIFT,examples/corrupted_artifact_cases_extended/d09/case_10,false
D09-11,D09,Provenance,TOOL_VERSION_DRIFT,examples/corrupted_artifact_cases_extended/d09/case_11,false
D09-12,D09,Provenance,TOOL_VERSION_DRIFT,examples/corrupted_artifact_cases_extended/d09/case_12,false
D09-13,D09,Provenance,TOOL_VERSION_DRIFT,examples/corrupted_artifact_cases_extended/d09/case_13,false
D09-14,D09,Provenance,TOOL_VERSION_DRIFT,examples/corrupted_artifact_cases_extended/d09/case_14,false
D09-15,D09,Provenance,TOOL_VERSION_DRIFT,examples/corrupted_artifact_cases_extended/d09/case_15,false
D09-16,D09,Provenance,TOOL_VERSION_DRIFT,examples/corrupted_artifact_cases_extended/d09/case_16,false
D09-17,D09,Provenance,TOOL_VERSION_DRIFT,examples/corrupted_artifact_cases_extended/d09/case_17,false
D09-18,D09,Provenance,TOOL_VERSION_DRIFT,examples/corrupted_artifact_cases_extended/d09/case_18,false
D09-19,D09,Provenance,TOOL_VERSION_DRIFT,examples/corrupted_artifact_cases_extended/d09/case_19,false
D09-20,D09,Provenance,TOOL_VERSION_DRIFT,examples/corrupted_artifact_cases_extended/d09/case_20,false
D09-21,D09,Provenance,TOOL_VERSION_DRIFT,examples/corrupted_artifact_cases_extended/d09/case_21,false
D09-22,D09,Provenance,TOOL_VERSION_DRIFT,examples/corrupted_artifact_cases_extended/d09/case_22,false
D09-23,D09,Provenance,TOOL_VERSION_DRIFT,examples/corrupted_artifact_cases_extended/d09/case_23,false
D09-24,D09,Provenance,TOOL_VERSION_DRIFT,examples/corrupted_artifact_cases_extended/d09/case_24,false
D09-25,D09,Provenance,TOOL_VERSION_DRIFT,examples/corrupted_artifact_cases_extended/d09/case_25,false
D09-26,D09,Provenance,TOOL_VERSION_DRIFT,examples/corrupted_artifact_cases_extended/d09/case_26,false
D09-27,D09,Provenance,TOOL_VERSION_DRIFT,examples/corrupted_artifact_cases_extended/d09/case_27,false
D09-28,D09,Provenance,TOOL_VERSION_DRIFT,examples/corrupted_artifact_cases_extended/d09/case_28,false
D09-29,D09,Provenance,TOOL_VERSION_DRIFT,examples/corrupted_artifact_cases_extended/d09/case_29,false
D09-30,D09,Provenance,TOOL_VERSION_DRIFT,examples/corrupted_artifact_cases_extended/d09/case_30,false
D10-01,D10,Provenance,MISSING_COMMAND,examples/corrupted_artifact_cases_extended/d10/case_01,false
D10-02,D10,Provenance,MISSING_COMMAND,examples/corrupted_artifact_cases_extended/d10/case_02,false
D10-03,D10,Provenance,MISSING_COMMAND,examples/corrupted_artifact_cases_extended/d10/case_03,false
D10-04,D10,Provenance,MISSING_COMMAND,examples/corrupted_artifact_cases_extended/d10/case_04,false
D10-05,D10,Provenance,MISSING_COMMAND,examples/corrupted_artifact_cases_extended/d10/case_05,false
D10-06,D10,Provenance,MISSING_COMMAND,examples/corrupted_artifact_cases_extended/d10/case_06,false
D10-07,D10,Provenance,MISSING_COMMAND,examples/corrupted_artifact_cases_extended/d10/case_07,false
D10-08,D10,Provenance,MISSING_COMMAND,examples/corrupted_artifact_cases_extended/d10/case_08,false
D10-09,D10,Provenance,MISSING_COMMAND,examples/corrupted_artifact_cases_extended/d10/case_09,false
D10-10,D10,Provenance,MISSING_COMMAND,examples/corrupted_artifact_cases_extended/d10/case_10,false
D10-11,D10,Provenance,MISSING_COMMAND,examples/corrupted_artifact_cases_extended/d10/case_11,false
D10-12,D10,Provenance,MISSING_COMMAND,examples/corrupted_artifact_cases_extended/d10/case_12,false
D10-13,D10,Provenance,MISSING_COMMAND,examples/corrupted_artifact_cases_extended/d10/case_13,false
D10-14,D10,Provenance,MISSING_COMMAND,examples/corrupted_artifact_cases_extended/d10/case_14,false
D10-15,D10,Provenance,MISSING_COMMAND,examples/corrupted_artifact_cases_extended/d10/case_15,false
D10-16,D10,Provenance,MISSING_COMMAND,examples/corrupted_artifact_cases_extended/d10/case_16,false
D10-17,D10,Provenance,MISSING_COMMAND,examples/corrupted_artifact_cases_extended/d10/case_17,false
D10-18,D10,Provenance,MISSING_COMMAND,examples/corrupted_artifact_cases_extended/d10/case_18,false
D10-19,D10,Provenance,MISSING_COMMAND,examples/corrupted_artifact_cases_extended/d10/case_19,false
D10-20,D10,Provenance,MISSING_COMMAND,examples/corrupted_artifact_cases_extended/d10/case_20,false
D10-21,D10,Provenance,MISSING_COMMAND,examples/corrupted_artifact_cases_extended/d10/case_21,false
D10-22,D10,Provenance,MISSING_COMMAND,examples/corrupted_artifact_cases_extended/d10/case_22,false
D10-23,D10,Provenance,MISSING_COMMAND,examples/corrupted_artifact_cases_extended/d10/case_23,false
D10-24,D10,Provenance,MISSING_COMMAND,examples/corrupted_artifact_cases_extended/d10/case_24,false
D10-25,D10,Provenance,MISSING_COMMAND,examples/corrupted_artifact_cases_extended/d10/case_25,false
D10-26,D10,Provenance,MISSING_COMMAND,examples/corrupted_artifact_cases_extended/d10/case_26,false
D10-27,D10,Provenance,MISSING_COMMAND,examples/corrupted_artifact_cases_extended/d10/case_27,false
D10-28,D10,Provenance,MISSING_COMMAND,examples/corrupted_artifact_cases_extended/d10/case_28,false
D10-29,D10,Provenance,MISSING_COMMAND,examples/corrupted_artifact_cases_extended/d10/case_29,false
D10-30,D10,Provenance,MISSING_COMMAND,examples/corrupted_artifact_cases_extended/d10/case_30,false
D11-01,D11,Provenance,REPLAY_UNSAFE,examples/corrupted_artifact_cases_extended/d11/case_01,false
D11-02,D11,Provenance,REPLAY_UNSAFE,examples/corrupted_artifact_cases_extended/d11/case_02,false
D11-03,D11,Provenance,REPLAY_UNSAFE,examples/corrupted_artifact_cases_extended/d11/case_03,false
D11-04,D11,Provenance,REPLAY_UNSAFE,examples/corrupted_artifact_cases_extended/d11/case_04,false
D11-05,D11,Provenance,REPLAY_UNSAFE,examples/corrupted_artifact_cases_extended/d11/case_05,false
D11-06,D11,Provenance,REPLAY_UNSAFE,examples/corrupted_artifact_cases_extended/d11/case_06,false
D11-07,D11,Provenance,REPLAY_UNSAFE,examples/corrupted_artifact_cases_extended/d11/case_07,false
D11-08,D11,Provenance,REPLAY_UNSAFE,examples/corrupted_artifact_cases_extended/d11/case_08,false
D11-09,D11,Provenance,REPLAY_UNSAFE,examples/corrupted_artifact_cases_extended/d11/case_09,false
D11-10,D11,Provenance,REPLAY_UNSAFE,examples/corrupted_artifact_cases_extended/d11/case_10,false
D11-11,D11,Provenance,REPLAY_UNSAFE,examples/corrupted_artifact_cases_extended/d11/case_11,false
D11-12,D11,Provenance,REPLAY_UNSAFE,examples/corrupted_artifact_cases_extended/d11/case_12,false
D11-13,D11,Provenance,REPLAY_UNSAFE,examples/corrupted_artifact_cases_extended/d11/case_13,false
D11-14,D11,Provenance,REPLAY_UNSAFE,examples/corrupted_artifact_cases_extended/d11/case_14,false
D11-15,D11,Provenance,REPLAY_UNSAFE,examples/corrupted_artifact_cases_extended/d11/case_15,false
D11-16,D11,Provenance,REPLAY_UNSAFE,examples/corrupted_artifact_cases_extended/d11/case_16,false
D11-17,D11,Provenance,REPLAY_UNSAFE,examples/corrupted_artifact_cases_extended/d11/case_17,false
D11-18,D11,Provenance,REPLAY_UNSAFE,examples/corrupted_artifact_cases_extended/d11/case_18,false
D11-19,D11,Provenance,REPLAY_UNSAFE,examples/corrupted_artifact_cases_extended/d11/case_19,false
D11-20,D11,Provenance,REPLAY_UNSAFE,examples/corrupted_artifact_cases_extended/d11/case_20,false
D11-21,D11,Provenance,REPLAY_UNSAFE,examples/corrupted_artifact_cases_extended/d11/case_21,false
D11-22,D11,Provenance,REPLAY_UNSAFE,examples/corrupted_artifact_cases_extended/d11/case_22,false
D11-23,D11,Provenance,REPLAY_UNSAFE,examples/corrupted_artifact_cases_extended/d11/case_23,false
D11-24,D11,Provenance,REPLAY_UNSAFE,examples/corrupted_artifact_cases_extended/d11/case_24,false
D11-25,D11,Provenance,REPLAY_UNSAFE,examples/corrupted_artifact_cases_extended/d11/case_25,false
D11-26,D11,Provenance,REPLAY_UNSAFE,examples/corrupted_artifact_cases_extended/d11/case_26,false
D11-27,D11,Provenance,REPLAY_UNSAFE,examples/corrupted_artifact_cases_extended/d11/case_27,false
D11-28,D11,Provenance,REPLAY_UNSAFE,examples/corrupted_artifact_cases_extended/d11/case_28,false
D11-29,D11,Provenance,REPLAY_UNSAFE,examples/corrupted_artifact_cases_extended/d11/case_29,false
D11-30,D11,Provenance,REPLAY_UNSAFE,examples/corrupted_artifact_cases_extended/d11/case_30,false
D12-01,D12,Replay,INCOMPLETE_MANIFEST,examples/corrupted_artifact_cases_extended/d12/case_01,false
D12-02,D12,Replay,INCOMPLETE_MANIFEST,examples/corrupted_artifact_cases_extended/d12/case_02,false
D12-03,D12,Replay,INCOMPLETE_MANIFEST,examples/corrupted_artifact_cases_extended/d12/case_03,false
D12-04,D12,Replay,INCOMPLETE_MANIFEST,examples/corrupted_artifact_cases_extended/d12/case_04,false
D12-05,D12,Replay,INCOMPLETE_MANIFEST,examples/corrupted_artifact_cases_extended/d12/case_05,false
D12-06,D12,Replay,INCOMPLETE_MANIFEST,examples/corrupted_artifact_cases_extended/d12/case_06,false
D12-07,D12,Replay,INCOMPLETE_MANIFEST,examples/corrupted_artifact_cases_extended/d12/case_07,false
D12-08,D12,Replay,INCOMPLETE_MANIFEST,examples/corrupted_artifact_cases_extended/d12/case_08,false
D12-09,D12,Replay,INCOMPLETE_MANIFEST,examples/corrupted_artifact_cases_extended/d12/case_09,false
D12-10,D12,Replay,INCOMPLETE_MANIFEST,examples/corrupted_artifact_cases_extended/d12/case_10,false
D12-11,D12,Replay,INCOMPLETE_MANIFEST,examples/corrupted_artifact_cases_extended/d12/case_11,false
D12-12,D12,Replay,INCOMPLETE_MANIFEST,examples/corrupted_artifact_cases_extended/d12/case_12,false
D12-13,D12,Replay,INCOMPLETE_MANIFEST,examples/corrupted_artifact_cases_extended/d12/case_13,false
D12-14,D12,Replay,INCOMPLETE_MANIFEST,examples/corrupted_artifact_cases_extended/d12/case_14,false
D12-15,D12,Replay,INCOMPLETE_MANIFEST,examples/corrupted_artifact_cases_extended/d12/case_15,false
D12-16,D12,Replay,INCOMPLETE_MANIFEST,examples/corrupted_artifact_cases_extended/d12/case_16,false
D12-17,D12,Replay,INCOMPLETE_MANIFEST,examples/corrupted_artifact_cases_extended/d12/case_17,false
D12-18,D12,Replay,INCOMPLETE_MANIFEST,examples/corrupted_artifact_cases_extended/d12/case_18,false
D12-19,D12,Replay,INCOMPLETE_MANIFEST,examples/corrupted_artifact_cases_extended/d12/case_19,false
D12-20,D12,Replay,INCOMPLETE_MANIFEST,examples/corrupted_artifact_cases_extended/d12/case_20,false
D12-21,D12,Replay,INCOMPLETE_MANIFEST,examples/corrupted_artifact_cases_extended/d12/case_21,false
D12-22,D12,Replay,INCOMPLETE_MANIFEST,examples/corrupted_artifact_cases_extended/d12/case_22,false
D12-23,D12,Replay,INCOMPLETE_MANIFEST,examples/corrupted_artifact_cases_extended/d12/case_23,false
D12-24,D12,Replay,INCOMPLETE_MANIFEST,examples/corrupted_artifact_cases_extended/d12/case_24,false
D12-25,D12,Replay,INCOMPLETE_MANIFEST,examples/corrupted_artifact_cases_extended/d12/case_25,false
D12-26,D12,Replay,INCOMPLETE_MANIFEST,examples/corrupted_artifact_cases_extended/d12/case_26,false
D12-27,D12,Replay,INCOMPLETE_MANIFEST,examples/corrupted_artifact_cases_extended/d12/case_27,false
D12-28,D12,Replay,INCOMPLETE_MANIFEST,examples/corrupted_artifact_cases_extended/d12/case_28,false
D12-29,D12,Replay,INCOMPLETE_MANIFEST,examples/corrupted_artifact_cases_extended/d12/case_29,false
D12-30,D12,Replay,INCOMPLETE_MANIFEST,examples/corrupted_artifact_cases_extended/d12/case_30,false
D13-01,D13,Replay,PACKAGE_STRUCTURE_DRIFT,examples/corrupted_artifact_cases_extended/d13/case_01,false
D13-02,D13,Replay,PACKAGE_STRUCTURE_DRIFT,examples/corrupted_artifact_cases_extended/d13/case_02,false
D13-03,D13,Replay,PACKAGE_STRUCTURE_DRIFT,examples/corrupted_artifact_cases_extended/d13/case_03,false
D13-04,D13,Replay,PACKAGE_STRUCTURE_DRIFT,examples/corrupted_artifact_cases_extended/d13/case_04,false
D13-05,D13,Replay,PACKAGE_STRUCTURE_DRIFT,examples/corrupted_artifact_cases_extended/d13/case_05,false
D13-06,D13,Replay,PACKAGE_STRUCTURE_DRIFT,examples/corrupted_artifact_cases_extended/d13/case_06,false
D13-07,D13,Replay,PACKAGE_STRUCTURE_DRIFT,examples/corrupted_artifact_cases_extended/d13/case_07,false
D13-08,D13,Replay,PACKAGE_STRUCTURE_DRIFT,examples/corrupted_artifact_cases_extended/d13/case_08,false
D13-09,D13,Replay,PACKAGE_STRUCTURE_DRIFT,examples/corrupted_artifact_cases_extended/d13/case_09,false
D13-10,D13,Replay,PACKAGE_STRUCTURE_DRIFT,examples/corrupted_artifact_cases_extended/d13/case_10,false
D13-11,D13,Replay,PACKAGE_STRUCTURE_DRIFT,examples/corrupted_artifact_cases_extended/d13/case_11,false
D13-12,D13,Replay,PACKAGE_STRUCTURE_DRIFT,examples/corrupted_artifact_cases_extended/d13/case_12,false
D13-13,D13,Replay,PACKAGE_STRUCTURE_DRIFT,examples/corrupted_artifact_cases_extended/d13/case_13,false
D13-14,D13,Replay,PACKAGE_STRUCTURE_DRIFT,examples/corrupted_artifact_cases_extended/d13/case_14,false
D13-15,D13,Replay,PACKAGE_STRUCTURE_DRIFT,examples/corrupted_artifact_cases_extended/d13/case_15,false
D13-16,D13,Replay,PACKAGE_STRUCTURE_DRIFT,examples/corrupted_artifact_cases_extended/d13/case_16,false
D13-17,D13,Replay,PACKAGE_STRUCTURE_DRIFT,examples/corrupted_artifact_cases_extended/d13/case_17,false
D13-18,D13,Replay,PACKAGE_STRUCTURE_DRIFT,examples/corrupted_artifact_cases_extended/d13/case_18,false
D13-19,D13,Replay,PACKAGE_STRUCTURE_DRIFT,examples/corrupted_artifact_cases_extended/d13/case_19,false
D13-20,D13,Replay,PACKAGE_STRUCTURE_DRIFT,examples/corrupted_artifact_cases_extended/d13/case_20,false
D13-21,D13,Replay,PACKAGE_STRUCTURE_DRIFT,examples/corrupted_artifact_cases_extended/d13/case_21,false
D13-22,D13,Replay,PACKAGE_STRUCTURE_DRIFT,examples/corrupted_artifact_cases_extended/d13/case_22,false
D13-23,D13,Replay,PACKAGE_STRUCTURE_DRIFT,examples/corrupted_artifact_cases_extended/d13/case_23,false
D13-24,D13,Replay,PACKAGE_STRUCTURE_DRIFT,examples/corrupted_artifact_cases_extended/d13/case_24,false
D13-25,D13,Replay,PACKAGE_STRUCTURE_DRIFT,examples/corrupted_artifact_cases_extended/d13/case_25,false
D13-26,D13,Replay,PACKAGE_STRUCTURE_DRIFT,examples/corrupted_artifact_cases_extended/d13/case_26,false
D13-27,D13,Replay,PACKAGE_STRUCTURE_DRIFT,examples/corrupted_artifact_cases_extended/d13/case_27,false
D13-28,D13,Replay,PACKAGE_STRUCTURE_DRIFT,examples/corrupted_artifact_cases_extended/d13/case_28,false
D13-29,D13,Replay,PACKAGE_STRUCTURE_DRIFT,examples/corrupted_artifact_cases_extended/d13/case_29,false
D13-30,D13,Replay,PACKAGE_STRUCTURE_DRIFT,examples/corrupted_artifact_cases_extended/d13/case_30,false
D14-01,D14,Replay,NONDETERMINISTIC_OUTPUT,examples/corrupted_artifact_cases_extended/d14/case_01,false
D14-02,D14,Replay,NONDETERMINISTIC_OUTPUT,examples/corrupted_artifact_cases_extended/d14/case_02,false
D14-03,D14,Replay,NONDETERMINISTIC_OUTPUT,examples/corrupted_artifact_cases_extended/d14/case_03,false
D14-04,D14,Replay,NONDETERMINISTIC_OUTPUT,examples/corrupted_artifact_cases_extended/d14/case_04,false
D14-05,D14,Replay,NONDETERMINISTIC_OUTPUT,examples/corrupted_artifact_cases_extended/d14/case_05,false
D14-06,D14,Replay,NONDETERMINISTIC_OUTPUT,examples/corrupted_artifact_cases_extended/d14/case_06,false
D14-07,D14,Replay,NONDETERMINISTIC_OUTPUT,examples/corrupted_artifact_cases_extended/d14/case_07,false
D14-08,D14,Replay,NONDETERMINISTIC_OUTPUT,examples/corrupted_artifact_cases_extended/d14/case_08,false
D14-09,D14,Replay,NONDETERMINISTIC_OUTPUT,examples/corrupted_artifact_cases_extended/d14/case_09,false
D14-10,D14,Replay,NONDETERMINISTIC_OUTPUT,examples/corrupted_artifact_cases_extended/d14/case_10,false
D14-11,D14,Replay,NONDETERMINISTIC_OUTPUT,examples/corrupted_artifact_cases_extended/d14/case_11,false
D14-12,D14,Replay,NONDETERMINISTIC_OUTPUT,examples/corrupted_artifact_cases_extended/d14/case_12,false
D14-13,D14,Replay,NONDETERMINISTIC_OUTPUT,examples/corrupted_artifact_cases_extended/d14/case_13,false
D14-14,D14,Replay,NONDETERMINISTIC_OUTPUT,examples/corrupted_artifact_cases_extended/d14/case_14,false
D14-15,D14,Replay,NONDETERMINISTIC_OUTPUT,examples/corrupted_artifact_cases_extended/d14/case_15,false
D14-16,D14,Replay,NONDETERMINISTIC_OUTPUT,examples/corrupted_artifact_cases_extended/d14/case_16,false
D14-17,D14,Replay,NONDETERMINISTIC_OUTPUT,examples/corrupted_artifact_cases_extended/d14/case_17,false
D14-18,D14,Replay,NONDETERMINISTIC_OUTPUT,examples/corrupted_artifact_cases_extended/d14/case_18,false
D14-19,D14,Replay,NONDETERMINISTIC_OUTPUT,examples/corrupted_artifact_cases_extended/d14/case_19,false
D14-20,D14,Replay,NONDETERMINISTIC_OUTPUT,examples/corrupted_artifact_cases_extended/d14/case_20,false
D14-21,D14,Replay,NONDETERMINISTIC_OUTPUT,examples/corrupted_artifact_cases_extended/d14/case_21,false
D14-22,D14,Replay,NONDETERMINISTIC_OUTPUT,examples/corrupted_artifact_cases_extended/d14/case_22,false
D14-23,D14,Replay,NONDETERMINISTIC_OUTPUT,examples/corrupted_artifact_cases_extended/d14/case_23,false
D14-24,D14,Replay,NONDETERMINISTIC_OUTPUT,examples/corrupted_artifact_cases_extended/d14/case_24,false
D14-25,D14,Replay,NONDETERMINISTIC_OUTPUT,examples/corrupted_artifact_cases_extended/d14/case_25,false
D14-26,D14,Replay,NONDETERMINISTIC_OUTPUT,examples/corrupted_artifact_cases_extended/d14/case_26,false
D14-27,D14,Replay,NONDETERMINISTIC_OUTPUT,examples/corrupted_artifact_cases_extended/d14/case_27,false
D14-28,D14,Replay,NONDETERMINISTIC_OUTPUT,examples/corrupted_artifact_cases_extended/d14/case_28,false
D14-29,D14,Replay,NONDETERMINISTIC_OUTPUT,examples/corrupted_artifact_cases_extended/d14/case_29,false
D14-30,D14,Replay,NONDETERMINISTIC_OUTPUT,examples/corrupted_artifact_cases_extended/d14/case_30,false
D15-01,D15,Replay,MISSING_EXPECTED_OUTPUT,examples/corrupted_artifact_cases_extended/d15/case_01,false
D15-02,D15,Replay,MISSING_EXPECTED_OUTPUT,examples/corrupted_artifact_cases_extended/d15/case_02,false
D15-03,D15,Replay,MISSING_EXPECTED_OUTPUT,examples/corrupted_artifact_cases_extended/d15/case_03,false
D15-04,D15,Replay,MISSING_EXPECTED_OUTPUT,examples/corrupted_artifact_cases_extended/d15/case_04,false
D15-05,D15,Replay,MISSING_EXPECTED_OUTPUT,examples/corrupted_artifact_cases_extended/d15/case_05,false
D15-06,D15,Replay,MISSING_EXPECTED_OUTPUT,examples/corrupted_artifact_cases_extended/d15/case_06,false
D15-07,D15,Replay,MISSING_EXPECTED_OUTPUT,examples/corrupted_artifact_cases_extended/d15/case_07,false
D15-08,D15,Replay,MISSING_EXPECTED_OUTPUT,examples/corrupted_artifact_cases_extended/d15/case_08,false
D15-09,D15,Replay,MISSING_EXPECTED_OUTPUT,examples/corrupted_artifact_cases_extended/d15/case_09,false
D15-10,D15,Replay,MISSING_EXPECTED_OUTPUT,examples/corrupted_artifact_cases_extended/d15/case_10,false
D15-11,D15,Replay,MISSING_EXPECTED_OUTPUT,examples/corrupted_artifact_cases_extended/d15/case_11,false
D15-12,D15,Replay,MISSING_EXPECTED_OUTPUT,examples/corrupted_artifact_cases_extended/d15/case_12,false
D15-13,D15,Replay,MISSING_EXPECTED_OUTPUT,examples/corrupted_artifact_cases_extended/d15/case_13,false
D15-14,D15,Replay,MISSING_EXPECTED_OUTPUT,examples/corrupted_artifact_cases_extended/d15/case_14,false
D15-15,D15,Replay,MISSING_EXPECTED_OUTPUT,examples/corrupted_artifact_cases_extended/d15/case_15,false
D15-16,D15,Replay,MISSING_EXPECTED_OUTPUT,examples/corrupted_artifact_cases_extended/d15/case_16,false
D15-17,D15,Replay,MISSING_EXPECTED_OUTPUT,examples/corrupted_artifact_cases_extended/d15/case_17,false
D15-18,D15,Replay,MISSING_EXPECTED_OUTPUT,examples/corrupted_artifact_cases_extended/d15/case_18,false
D15-19,D15,Replay,MISSING_EXPECTED_OUTPUT,examples/corrupted_artifact_cases_extended/d15/case_19,false
D15-20,D15,Replay,MISSING_EXPECTED_OUTPUT,examples/corrupted_artifact_cases_extended/d15/case_20,false
D15-21,D15,Replay,MISSING_EXPECTED_OUTPUT,examples/corrupted_artifact_cases_extended/d15/case_21,false
D15-22,D15,Replay,MISSING_EXPECTED_OUTPUT,examples/corrupted_artifact_cases_extended/d15/case_22,false
D15-23,D15,Replay,MISSING_EXPECTED_OUTPUT,examples/corrupted_artifact_cases_extended/d15/case_23,false
D15-24,D15,Replay,MISSING_EXPECTED_OUTPUT,examples/corrupted_artifact_cases_extended/d15/case_24,false
D15-25,D15,Replay,MISSING_EXPECTED_OUTPUT,examples/corrupted_artifact_cases_extended/d15/case_25,false
D15-26,D15,Replay,MISSING_EXPECTED_OUTPUT,examples/corrupted_artifact_cases_extended/d15/case_26,false
D15-27,D15,Replay,MISSING_EXPECTED_OUTPUT,examples/corrupted_artifact_cases_extended/d15/case_27,false
D15-28,D15,Replay,MISSING_EXPECTED_OUTPUT,examples/corrupted_artifact_cases_extended/d15/case_28,false
D15-29,D15,Replay,MISSING_EXPECTED_OUTPUT,examples/corrupted_artifact_cases_extended/d15/case_29,false
D15-30,D15,Replay,MISSING_EXPECTED_OUTPUT,examples/corrupted_artifact_cases_extended/d15/case_30,false
D16-01,D16,Policy,UNSUPPORTED_CLAIM,examples/corrupted_artifact_cases_extended/d16/case_01,false
D16-02,D16,Policy,UNSUPPORTED_CLAIM,examples/corrupted_artifact_cases_extended/d16/case_02,false
D16-03,D16,Policy,UNSUPPORTED_CLAIM,examples/corrupted_artifact_cases_extended/d16/case_03,false
D16-04,D16,Policy,UNSUPPORTED_CLAIM,examples/corrupted_artifact_cases_extended/d16/case_04,false
D16-05,D16,Policy,UNSUPPORTED_CLAIM,examples/corrupted_artifact_cases_extended/d16/case_05,false
D16-06,D16,Policy,UNSUPPORTED_CLAIM,examples/corrupted_artifact_cases_extended/d16/case_06,false
D16-07,D16,Policy,UNSUPPORTED_CLAIM,examples/corrupted_artifact_cases_extended/d16/case_07,false
D16-08,D16,Policy,UNSUPPORTED_CLAIM,examples/corrupted_artifact_cases_extended/d16/case_08,false
D16-09,D16,Policy,UNSUPPORTED_CLAIM,examples/corrupted_artifact_cases_extended/d16/case_09,false
D16-10,D16,Policy,UNSUPPORTED_CLAIM,examples/corrupted_artifact_cases_extended/d16/case_10,false
D16-11,D16,Policy,UNSUPPORTED_CLAIM,examples/corrupted_artifact_cases_extended/d16/case_11,false
D16-12,D16,Policy,UNSUPPORTED_CLAIM,examples/corrupted_artifact_cases_extended/d16/case_12,false
D16-13,D16,Policy,UNSUPPORTED_CLAIM,examples/corrupted_artifact_cases_extended/d16/case_13,false
D16-14,D16,Policy,UNSUPPORTED_CLAIM,examples/corrupted_artifact_cases_extended/d16/case_14,false
D16-15,D16,Policy,UNSUPPORTED_CLAIM,examples/corrupted_artifact_cases_extended/d16/case_15,false
D16-16,D16,Policy,UNSUPPORTED_CLAIM,examples/corrupted_artifact_cases_extended/d16/case_16,false
D16-17,D16,Policy,UNSUPPORTED_CLAIM,examples/corrupted_artifact_cases_extended/d16/case_17,false
D16-18,D16,Policy,UNSUPPORTED_CLAIM,examples/corrupted_artifact_cases_extended/d16/case_18,false
D16-19,D16,Policy,UNSUPPORTED_CLAIM,examples/corrupted_artifact_cases_extended/d16/case_19,false
D16-20,D16,Policy,UNSUPPORTED_CLAIM,examples/corrupted_artifact_cases_extended/d16/case_20,false
D16-21,D16,Policy,UNSUPPORTED_CLAIM,examples/corrupted_artifact_cases_extended/d16/case_21,false
D16-22,D16,Policy,UNSUPPORTED_CLAIM,examples/corrupted_artifact_cases_extended/d16/case_22,false
D16-23,D16,Policy,UNSUPPORTED_CLAIM,examples/corrupted_artifact_cases_extended/d16/case_23,false
D16-24,D16,Policy,UNSUPPORTED_CLAIM,examples/corrupted_artifact_cases_extended/d16/case_24,false
D16-25,D16,Policy,UNSUPPORTED_CLAIM,examples/corrupted_artifact_cases_extended/d16/case_25,false
D16-26,D16,Policy,UNSUPPORTED_CLAIM,examples/corrupted_artifact_cases_extended/d16/case_26,false
D16-27,D16,Policy,UNSUPPORTED_CLAIM,examples/corrupted_artifact_cases_extended/d16/case_27,false
D16-28,D16,Policy,UNSUPPORTED_CLAIM,examples/corrupted_artifact_cases_extended/d16/case_28,false
D16-29,D16,Policy,UNSUPPORTED_CLAIM,examples/corrupted_artifact_cases_extended/d16/case_29,false
D16-30,D16,Policy,UNSUPPORTED_CLAIM,examples/corrupted_artifact_cases_extended/d16/case_30,false
D17-01,D17,Policy,EVIDENCE_LEVEL_ESCALATION,examples/corrupted_artifact_cases_extended/d17/case_01,false
D17-02,D17,Policy,EVIDENCE_LEVEL_ESCALATION,examples/corrupted_artifact_cases_extended/d17/case_02,false
D17-03,D17,Policy,EVIDENCE_LEVEL_ESCALATION,examples/corrupted_artifact_cases_extended/d17/case_03,false
D17-04,D17,Policy,EVIDENCE_LEVEL_ESCALATION,examples/corrupted_artifact_cases_extended/d17/case_04,false
D17-05,D17,Policy,EVIDENCE_LEVEL_ESCALATION,examples/corrupted_artifact_cases_extended/d17/case_05,false
D17-06,D17,Policy,EVIDENCE_LEVEL_ESCALATION,examples/corrupted_artifact_cases_extended/d17/case_06,false
D17-07,D17,Policy,EVIDENCE_LEVEL_ESCALATION,examples/corrupted_artifact_cases_extended/d17/case_07,false
D17-08,D17,Policy,EVIDENCE_LEVEL_ESCALATION,examples/corrupted_artifact_cases_extended/d17/case_08,false
D17-09,D17,Policy,EVIDENCE_LEVEL_ESCALATION,examples/corrupted_artifact_cases_extended/d17/case_09,false
D17-10,D17,Policy,EVIDENCE_LEVEL_ESCALATION,examples/corrupted_artifact_cases_extended/d17/case_10,false
D17-11,D17,Policy,EVIDENCE_LEVEL_ESCALATION,examples/corrupted_artifact_cases_extended/d17/case_11,false
D17-12,D17,Policy,EVIDENCE_LEVEL_ESCALATION,examples/corrupted_artifact_cases_extended/d17/case_12,false
D17-13,D17,Policy,EVIDENCE_LEVEL_ESCALATION,examples/corrupted_artifact_cases_extended/d17/case_13,false
D17-14,D17,Policy,EVIDENCE_LEVEL_ESCALATION,examples/corrupted_artifact_cases_extended/d17/case_14,false
D17-15,D17,Policy,EVIDENCE_LEVEL_ESCALATION,examples/corrupted_artifact_cases_extended/d17/case_15,false
D17-16,D17,Policy,EVIDENCE_LEVEL_ESCALATION,examples/corrupted_artifact_cases_extended/d17/case_16,false
D17-17,D17,Policy,EVIDENCE_LEVEL_ESCALATION,examples/corrupted_artifact_cases_extended/d17/case_17,false
D17-18,D17,Policy,EVIDENCE_LEVEL_ESCALATION,examples/corrupted_artifact_cases_extended/d17/case_18,false
D17-19,D17,Policy,EVIDENCE_LEVEL_ESCALATION,examples/corrupted_artifact_cases_extended/d17/case_19,false
D17-20,D17,Policy,EVIDENCE_LEVEL_ESCALATION,examples/corrupted_artifact_cases_extended/d17/case_20,false
D17-21,D17,Policy,EVIDENCE_LEVEL_ESCALATION,examples/corrupted_artifact_cases_extended/d17/case_21,false
D17-22,D17,Policy,EVIDENCE_LEVEL_ESCALATION,examples/corrupted_artifact_cases_extended/d17/case_22,false
D17-23,D17,Policy,EVIDENCE_LEVEL_ESCALATION,examples/corrupted_artifact_cases_extended/d17/case_23,false
D17-24,D17,Policy,EVIDENCE_LEVEL_ESCALATION,examples/corrupted_artifact_cases_extended/d17/case_24,false
D17-25,D17,Policy,EVIDENCE_LEVEL_ESCALATION,examples/corrupted_artifact_cases_extended/d17/case_25,false
D17-26,D17,Policy,EVIDENCE_LEVEL_ESCALATION,examples/corrupted_artifact_cases_extended/d17/case_26,false
D17-27,D17,Policy,EVIDENCE_LEVEL_ESCALATION,examples/corrupted_artifact_cases_extended/d17/case_27,false
D17-28,D17,Policy,EVIDENCE_LEVEL_ESCALATION,examples/corrupted_artifact_cases_extended/d17/case_28,false
D17-29,D17,Policy,EVIDENCE_LEVEL_ESCALATION,examples/corrupted_artifact_cases_extended/d17/case_29,false
D17-30,D17,Policy,EVIDENCE_LEVEL_ESCALATION,examples/corrupted_artifact_cases_extended/d17/case_30,false
D18-01,D18,Policy,EVIDENCE_LEVEL_ESCALATION,examples/corrupted_artifact_cases_extended/d18/case_01,false
D18-02,D18,Policy,EVIDENCE_LEVEL_ESCALATION,examples/corrupted_artifact_cases_extended/d18/case_02,false
D18-03,D18,Policy,EVIDENCE_LEVEL_ESCALATION,examples/corrupted_artifact_cases_extended/d18/case_03,false
D18-04,D18,Policy,EVIDENCE_LEVEL_ESCALATION,examples/corrupted_artifact_cases_extended/d18/case_04,false
D18-05,D18,Policy,EVIDENCE_LEVEL_ESCALATION,examples/corrupted_artifact_cases_extended/d18/case_05,false
D18-06,D18,Policy,EVIDENCE_LEVEL_ESCALATION,examples/corrupted_artifact_cases_extended/d18/case_06,false
D18-07,D18,Policy,EVIDENCE_LEVEL_ESCALATION,examples/corrupted_artifact_cases_extended/d18/case_07,false
D18-08,D18,Policy,EVIDENCE_LEVEL_ESCALATION,examples/corrupted_artifact_cases_extended/d18/case_08,false
D18-09,D18,Policy,EVIDENCE_LEVEL_ESCALATION,examples/corrupted_artifact_cases_extended/d18/case_09,false
D18-10,D18,Policy,EVIDENCE_LEVEL_ESCALATION,examples/corrupted_artifact_cases_extended/d18/case_10,false
D18-11,D18,Policy,EVIDENCE_LEVEL_ESCALATION,examples/corrupted_artifact_cases_extended/d18/case_11,false
D18-12,D18,Policy,EVIDENCE_LEVEL_ESCALATION,examples/corrupted_artifact_cases_extended/d18/case_12,false
D18-13,D18,Policy,EVIDENCE_LEVEL_ESCALATION,examples/corrupted_artifact_cases_extended/d18/case_13,false
D18-14,D18,Policy,EVIDENCE_LEVEL_ESCALATION,examples/corrupted_artifact_cases_extended/d18/case_14,false
D18-15,D18,Policy,EVIDENCE_LEVEL_ESCALATION,examples/corrupted_artifact_cases_extended/d18/case_15,false
D18-16,D18,Policy,EVIDENCE_LEVEL_ESCALATION,examples/corrupted_artifact_cases_extended/d18/case_16,false
D18-17,D18,Policy,EVIDENCE_LEVEL_ESCALATION,examples/corrupted_artifact_cases_extended/d18/case_17,false
D18-18,D18,Policy,EVIDENCE_LEVEL_ESCALATION,examples/corrupted_artifact_cases_extended/d18/case_18,false
D18-19,D18,Policy,EVIDENCE_LEVEL_ESCALATION,examples/corrupted_artifact_cases_extended/d18/case_19,false
D18-20,D18,Policy,EVIDENCE_LEVEL_ESCALATION,examples/corrupted_artifact_cases_extended/d18/case_20,false
D18-21,D18,Policy,EVIDENCE_LEVEL_ESCALATION,examples/corrupted_artifact_cases_extended/d18/case_21,false
D18-22,D18,Policy,EVIDENCE_LEVEL_ESCALATION,examples/corrupted_artifact_cases_extended/d18/case_22,false
D18-23,D18,Policy,EVIDENCE_LEVEL_ESCALATION,examples/corrupted_artifact_cases_extended/d18/case_23,false
D18-24,D18,Policy,EVIDENCE_LEVEL_ESCALATION,examples/corrupted_artifact_cases_extended/d18/case_24,false
D18-25,D18,Policy,EVIDENCE_LEVEL_ESCALATION,examples/corrupted_artifact_cases_extended/d18/case_25,false
D18-26,D18,Policy,EVIDENCE_LEVEL_ESCALATION,examples/corrupted_artifact_cases_extended/d18/case_26,false
D18-27,D18,Policy,EVIDENCE_LEVEL_ESCALATION,examples/corrupted_artifact_cases_extended/d18/case_27,false
D18-28,D18,Policy,EVIDENCE_LEVEL_ESCALATION,examples/corrupted_artifact_cases_extended/d18/case_28,false
D18-29,D18,Policy,EVIDENCE_LEVEL_ESCALATION,examples/corrupted_artifact_cases_extended/d18/case_29,false
D18-30,D18,Policy,EVIDENCE_LEVEL_ESCALATION,examples/corrupted_artifact_cases_extended/d18/case_30,false
D19-01,D19,Policy,CONTEXT_FALSE_POSITIVE,examples/corrupted_artifact_cases_extended/d19/case_01,false
D19-02,D19,Policy,CONTEXT_FALSE_POSITIVE,examples/corrupted_artifact_cases_extended/d19/case_02,false
D19-03,D19,Policy,CONTEXT_FALSE_POSITIVE,examples/corrupted_artifact_cases_extended/d19/case_03,false
D19-04,D19,Policy,CONTEXT_FALSE_POSITIVE,examples/corrupted_artifact_cases_extended/d19/case_04,false
D19-05,D19,Policy,CONTEXT_FALSE_POSITIVE,examples/corrupted_artifact_cases_extended/d19/case_05,false
D19-06,D19,Policy,CONTEXT_FALSE_POSITIVE,examples/corrupted_artifact_cases_extended/d19/case_06,false
D19-07,D19,Policy,CONTEXT_FALSE_POSITIVE,examples/corrupted_artifact_cases_extended/d19/case_07,false
D19-08,D19,Policy,CONTEXT_FALSE_POSITIVE,examples/corrupted_artifact_cases_extended/d19/case_08,false
D19-09,D19,Policy,CONTEXT_FALSE_POSITIVE,examples/corrupted_artifact_cases_extended/d19/case_09,false
D19-10,D19,Policy,CONTEXT_FALSE_POSITIVE,examples/corrupted_artifact_cases_extended/d19/case_10,false
D19-11,D19,Policy,CONTEXT_FALSE_POSITIVE,examples/corrupted_artifact_cases_extended/d19/case_11,false
D19-12,D19,Policy,CONTEXT_FALSE_POSITIVE,examples/corrupted_artifact_cases_extended/d19/case_12,false
D19-13,D19,Policy,CONTEXT_FALSE_POSITIVE,examples/corrupted_artifact_cases_extended/d19/case_13,false
D19-14,D19,Policy,CONTEXT_FALSE_POSITIVE,examples/corrupted_artifact_cases_extended/d19/case_14,false
D19-15,D19,Policy,CONTEXT_FALSE_POSITIVE,examples/corrupted_artifact_cases_extended/d19/case_15,false
D19-16,D19,Policy,CONTEXT_FALSE_POSITIVE,examples/corrupted_artifact_cases_extended/d19/case_16,false
D19-17,D19,Policy,CONTEXT_FALSE_POSITIVE,examples/corrupted_artifact_cases_extended/d19/case_17,false
D19-18,D19,Policy,CONTEXT_FALSE_POSITIVE,examples/corrupted_artifact_cases_extended/d19/case_18,false
D19-19,D19,Policy,CONTEXT_FALSE_POSITIVE,examples/corrupted_artifact_cases_extended/d19/case_19,false
D19-20,D19,Policy,CONTEXT_FALSE_POSITIVE,examples/corrupted_artifact_cases_extended/d19/case_20,false
D19-21,D19,Policy,CONTEXT_FALSE_POSITIVE,examples/corrupted_artifact_cases_extended/d19/case_21,false
D19-22,D19,Policy,CONTEXT_FALSE_POSITIVE,examples/corrupted_artifact_cases_extended/d19/case_22,false
D19-23,D19,Policy,CONTEXT_FALSE_POSITIVE,examples/corrupted_artifact_cases_extended/d19/case_23,false
D19-24,D19,Policy,CONTEXT_FALSE_POSITIVE,examples/corrupted_artifact_cases_extended/d19/case_24,false
D19-25,D19,Policy,CONTEXT_FALSE_POSITIVE,examples/corrupted_artifact_cases_extended/d19/case_25,false
D19-26,D19,Policy,CONTEXT_FALSE_POSITIVE,examples/corrupted_artifact_cases_extended/d19/case_26,false
D19-27,D19,Policy,CONTEXT_FALSE_POSITIVE,examples/corrupted_artifact_cases_extended/d19/case_27,false
D19-28,D19,Policy,CONTEXT_FALSE_POSITIVE,examples/corrupted_artifact_cases_extended/d19/case_28,false
D19-29,D19,Policy,CONTEXT_FALSE_POSITIVE,examples/corrupted_artifact_cases_extended/d19/case_29,false
D19-30,D19,Policy,CONTEXT_FALSE_POSITIVE,examples/corrupted_artifact_cases_extended/d19/case_30,false
D20-01,D20,Evidence,MISSING_EVIDENCE_LEVEL,examples/corrupted_artifact_cases_extended/d20/case_01,false
D20-02,D20,Evidence,MISSING_EVIDENCE_LEVEL,examples/corrupted_artifact_cases_extended/d20/case_02,false
D20-03,D20,Evidence,MISSING_EVIDENCE_LEVEL,examples/corrupted_artifact_cases_extended/d20/case_03,false
D20-04,D20,Evidence,MISSING_EVIDENCE_LEVEL,examples/corrupted_artifact_cases_extended/d20/case_04,false
D20-05,D20,Evidence,MISSING_EVIDENCE_LEVEL,examples/corrupted_artifact_cases_extended/d20/case_05,false
D20-06,D20,Evidence,MISSING_EVIDENCE_LEVEL,examples/corrupted_artifact_cases_extended/d20/case_06,false
D20-07,D20,Evidence,MISSING_EVIDENCE_LEVEL,examples/corrupted_artifact_cases_extended/d20/case_07,false
D20-08,D20,Evidence,MISSING_EVIDENCE_LEVEL,examples/corrupted_artifact_cases_extended/d20/case_08,false
D20-09,D20,Evidence,MISSING_EVIDENCE_LEVEL,examples/corrupted_artifact_cases_extended/d20/case_09,false
D20-10,D20,Evidence,MISSING_EVIDENCE_LEVEL,examples/corrupted_artifact_cases_extended/d20/case_10,false
D20-11,D20,Evidence,MISSING_EVIDENCE_LEVEL,examples/corrupted_artifact_cases_extended/d20/case_11,false
D20-12,D20,Evidence,MISSING_EVIDENCE_LEVEL,examples/corrupted_artifact_cases_extended/d20/case_12,false
D20-13,D20,Evidence,MISSING_EVIDENCE_LEVEL,examples/corrupted_artifact_cases_extended/d20/case_13,false
D20-14,D20,Evidence,MISSING_EVIDENCE_LEVEL,examples/corrupted_artifact_cases_extended/d20/case_14,false
D20-15,D20,Evidence,MISSING_EVIDENCE_LEVEL,examples/corrupted_artifact_cases_extended/d20/case_15,false
D20-16,D20,Evidence,MISSING_EVIDENCE_LEVEL,examples/corrupted_artifact_cases_extended/d20/case_16,false
D20-17,D20,Evidence,MISSING_EVIDENCE_LEVEL,examples/corrupted_artifact_cases_extended/d20/case_17,false
D20-18,D20,Evidence,MISSING_EVIDENCE_LEVEL,examples/corrupted_artifact_cases_extended/d20/case_18,false
D20-19,D20,Evidence,MISSING_EVIDENCE_LEVEL,examples/corrupted_artifact_cases_extended/d20/case_19,false
D20-20,D20,Evidence,MISSING_EVIDENCE_LEVEL,examples/corrupted_artifact_cases_extended/d20/case_20,false
D20-21,D20,Evidence,MISSING_EVIDENCE_LEVEL,examples/corrupted_artifact_cases_extended/d20/case_21,false
D20-22,D20,Evidence,MISSING_EVIDENCE_LEVEL,examples/corrupted_artifact_cases_extended/d20/case_22,false
D20-23,D20,Evidence,MISSING_EVIDENCE_LEVEL,examples/corrupted_artifact_cases_extended/d20/case_23,false
D20-24,D20,Evidence,MISSING_EVIDENCE_LEVEL,examples/corrupted_artifact_cases_extended/d20/case_24,false
D20-25,D20,Evidence,MISSING_EVIDENCE_LEVEL,examples/corrupted_artifact_cases_extended/d20/case_25,false
D20-26,D20,Evidence,MISSING_EVIDENCE_LEVEL,examples/corrupted_artifact_cases_extended/d20/case_26,false
D20-27,D20,Evidence,MISSING_EVIDENCE_LEVEL,examples/corrupted_artifact_cases_extended/d20/case_27,false
D20-28,D20,Evidence,MISSING_EVIDENCE_LEVEL,examples/corrupted_artifact_cases_extended/d20/case_28,false
D20-29,D20,Evidence,MISSING_EVIDENCE_LEVEL,examples/corrupted_artifact_cases_extended/d20/case_29,false
D20-30,D20,Evidence,MISSING_EVIDENCE_LEVEL,examples/corrupted_artifact_cases_extended/d20/case_30,false
D21-01,D21,Evidence,EVIDENCE_LEVEL_MISMATCH,examples/corrupted_artifact_cases_extended/d21/case_01,false
D21-02,D21,Evidence,EVIDENCE_LEVEL_MISMATCH,examples/corrupted_artifact_cases_extended/d21/case_02,false
D21-03,D21,Evidence,EVIDENCE_LEVEL_MISMATCH,examples/corrupted_artifact_cases_extended/d21/case_03,false
D21-04,D21,Evidence,EVIDENCE_LEVEL_MISMATCH,examples/corrupted_artifact_cases_extended/d21/case_04,false
D21-05,D21,Evidence,EVIDENCE_LEVEL_MISMATCH,examples/corrupted_artifact_cases_extended/d21/case_05,false
D21-06,D21,Evidence,EVIDENCE_LEVEL_MISMATCH,examples/corrupted_artifact_cases_extended/d21/case_06,false
D21-07,D21,Evidence,EVIDENCE_LEVEL_MISMATCH,examples/corrupted_artifact_cases_extended/d21/case_07,false
D21-08,D21,Evidence,EVIDENCE_LEVEL_MISMATCH,examples/corrupted_artifact_cases_extended/d21/case_08,false
D21-09,D21,Evidence,EVIDENCE_LEVEL_MISMATCH,examples/corrupted_artifact_cases_extended/d21/case_09,false
D21-10,D21,Evidence,EVIDENCE_LEVEL_MISMATCH,examples/corrupted_artifact_cases_extended/d21/case_10,false
D21-11,D21,Evidence,EVIDENCE_LEVEL_MISMATCH,examples/corrupted_artifact_cases_extended/d21/case_11,false
D21-12,D21,Evidence,EVIDENCE_LEVEL_MISMATCH,examples/corrupted_artifact_cases_extended/d21/case_12,false
D21-13,D21,Evidence,EVIDENCE_LEVEL_MISMATCH,examples/corrupted_artifact_cases_extended/d21/case_13,false
D21-14,D21,Evidence,EVIDENCE_LEVEL_MISMATCH,examples/corrupted_artifact_cases_extended/d21/case_14,false
D21-15,D21,Evidence,EVIDENCE_LEVEL_MISMATCH,examples/corrupted_artifact_cases_extended/d21/case_15,false
D21-16,D21,Evidence,EVIDENCE_LEVEL_MISMATCH,examples/corrupted_artifact_cases_extended/d21/case_16,false
D21-17,D21,Evidence,EVIDENCE_LEVEL_MISMATCH,examples/corrupted_artifact_cases_extended/d21/case_17,false
D21-18,D21,Evidence,EVIDENCE_LEVEL_MISMATCH,examples/corrupted_artifact_cases_extended/d21/case_18,false
D21-19,D21,Evidence,EVIDENCE_LEVEL_MISMATCH,examples/corrupted_artifact_cases_extended/d21/case_19,false
D21-20,D21,Evidence,EVIDENCE_LEVEL_MISMATCH,examples/corrupted_artifact_cases_extended/d21/case_20,false
D21-21,D21,Evidence,EVIDENCE_LEVEL_MISMATCH,examples/corrupted_artifact_cases_extended/d21/case_21,false
D21-22,D21,Evidence,EVIDENCE_LEVEL_MISMATCH,examples/corrupted_artifact_cases_extended/d21/case_22,false
D21-23,D21,Evidence,EVIDENCE_LEVEL_MISMATCH,examples/corrupted_artifact_cases_extended/d21/case_23,false
D21-24,D21,Evidence,EVIDENCE_LEVEL_MISMATCH,examples/corrupted_artifact_cases_extended/d21/case_24,false
D21-25,D21,Evidence,EVIDENCE_LEVEL_MISMATCH,examples/corrupted_artifact_cases_extended/d21/case_25,false
D21-26,D21,Evidence,EVIDENCE_LEVEL_MISMATCH,examples/corrupted_artifact_cases_extended/d21/case_26,false
D21-27,D21,Evidence,EVIDENCE_LEVEL_MISMATCH,examples/corrupted_artifact_cases_extended/d21/case_27,false
D21-28,D21,Evidence,EVIDENCE_LEVEL_MISMATCH,examples/corrupted_artifact_cases_extended/d21/case_28,false
D21-29,D21,Evidence,EVIDENCE_LEVEL_MISMATCH,examples/corrupted_artifact_cases_extended/d21/case_29,false
D21-30,D21,Evidence,EVIDENCE_LEVEL_MISMATCH,examples/corrupted_artifact_cases_extended/d21/case_30,false
D22-01,D22,Evidence,BROKEN_CLAIM_REFERENCE,examples/corrupted_artifact_cases_extended/d22/case_01,false
D22-02,D22,Evidence,BROKEN_CLAIM_REFERENCE,examples/corrupted_artifact_cases_extended/d22/case_02,false
D22-03,D22,Evidence,BROKEN_CLAIM_REFERENCE,examples/corrupted_artifact_cases_extended/d22/case_03,false
D22-04,D22,Evidence,BROKEN_CLAIM_REFERENCE,examples/corrupted_artifact_cases_extended/d22/case_04,false
D22-05,D22,Evidence,BROKEN_CLAIM_REFERENCE,examples/corrupted_artifact_cases_extended/d22/case_05,false
D22-06,D22,Evidence,BROKEN_CLAIM_REFERENCE,examples/corrupted_artifact_cases_extended/d22/case_06,false
D22-07,D22,Evidence,BROKEN_CLAIM_REFERENCE,examples/corrupted_artifact_cases_extended/d22/case_07,false
D22-08,D22,Evidence,BROKEN_CLAIM_REFERENCE,examples/corrupted_artifact_cases_extended/d22/case_08,false
D22-09,D22,Evidence,BROKEN_CLAIM_REFERENCE,examples/corrupted_artifact_cases_extended/d22/case_09,false
D22-10,D22,Evidence,BROKEN_CLAIM_REFERENCE,examples/corrupted_artifact_cases_extended/d22/case_10,false
D22-11,D22,Evidence,BROKEN_CLAIM_REFERENCE,examples/corrupted_artifact_cases_extended/d22/case_11,false
D22-12,D22,Evidence,BROKEN_CLAIM_REFERENCE,examples/corrupted_artifact_cases_extended/d22/case_12,false
D22-13,D22,Evidence,BROKEN_CLAIM_REFERENCE,examples/corrupted_artifact_cases_extended/d22/case_13,false
D22-14,D22,Evidence,BROKEN_CLAIM_REFERENCE,examples/corrupted_artifact_cases_extended/d22/case_14,false
D22-15,D22,Evidence,BROKEN_CLAIM_REFERENCE,examples/corrupted_artifact_cases_extended/d22/case_15,false
D22-16,D22,Evidence,BROKEN_CLAIM_REFERENCE,examples/corrupted_artifact_cases_extended/d22/case_16,false
D22-17,D22,Evidence,BROKEN_CLAIM_REFERENCE,examples/corrupted_artifact_cases_extended/d22/case_17,false
D22-18,D22,Evidence,BROKEN_CLAIM_REFERENCE,examples/corrupted_artifact_cases_extended/d22/case_18,false
D22-19,D22,Evidence,BROKEN_CLAIM_REFERENCE,examples/corrupted_artifact_cases_extended/d22/case_19,false
D22-20,D22,Evidence,BROKEN_CLAIM_REFERENCE,examples/corrupted_artifact_cases_extended/d22/case_20,false
D22-21,D22,Evidence,BROKEN_CLAIM_REFERENCE,examples/corrupted_artifact_cases_extended/d22/case_21,false
D22-22,D22,Evidence,BROKEN_CLAIM_REFERENCE,examples/corrupted_artifact_cases_extended/d22/case_22,false
D22-23,D22,Evidence,BROKEN_CLAIM_REFERENCE,examples/corrupted_artifact_cases_extended/d22/case_23,false
D22-24,D22,Evidence,BROKEN_CLAIM_REFERENCE,examples/corrupted_artifact_cases_extended/d22/case_24,false
D22-25,D22,Evidence,BROKEN_CLAIM_REFERENCE,examples/corrupted_artifact_cases_extended/d22/case_25,false
D22-26,D22,Evidence,BROKEN_CLAIM_REFERENCE,examples/corrupted_artifact_cases_extended/d22/case_26,false
D22-27,D22,Evidence,BROKEN_CLAIM_REFERENCE,examples/corrupted_artifact_cases_extended/d22/case_27,false
D22-28,D22,Evidence,BROKEN_CLAIM_REFERENCE,examples/corrupted_artifact_cases_extended/d22/case_28,false
D22-29,D22,Evidence,BROKEN_CLAIM_REFERENCE,examples/corrupted_artifact_cases_extended/d22/case_29,false
D22-30,D22,Evidence,BROKEN_CLAIM_REFERENCE,examples/corrupted_artifact_cases_extended/d22/case_30,false
D23-01,D23,Evidence,UNBOUND_CLAIM,examples/corrupted_artifact_cases_extended/d23/case_01,false
D23-02,D23,Evidence,UNBOUND_CLAIM,examples/corrupted_artifact_cases_extended/d23/case_02,false
D23-03,D23,Evidence,UNBOUND_CLAIM,examples/corrupted_artifact_cases_extended/d23/case_03,false
D23-04,D23,Evidence,UNBOUND_CLAIM,examples/corrupted_artifact_cases_extended/d23/case_04,false
D23-05,D23,Evidence,UNBOUND_CLAIM,examples/corrupted_artifact_cases_extended/d23/case_05,false
D23-06,D23,Evidence,UNBOUND_CLAIM,examples/corrupted_artifact_cases_extended/d23/case_06,false
D23-07,D23,Evidence,UNBOUND_CLAIM,examples/corrupted_artifact_cases_extended/d23/case_07,false
D23-08,D23,Evidence,UNBOUND_CLAIM,examples/corrupted_artifact_cases_extended/d23/case_08,false
D23-09,D23,Evidence,UNBOUND_CLAIM,examples/corrupted_artifact_cases_extended/d23/case_09,false
D23-10,D23,Evidence,UNBOUND_CLAIM,examples/corrupted_artifact_cases_extended/d23/case_10,false
D23-11,D23,Evidence,UNBOUND_CLAIM,examples/corrupted_artifact_cases_extended/d23/case_11,false
D23-12,D23,Evidence,UNBOUND_CLAIM,examples/corrupted_artifact_cases_extended/d23/case_12,false
D23-13,D23,Evidence,UNBOUND_CLAIM,examples/corrupted_artifact_cases_extended/d23/case_13,false
D23-14,D23,Evidence,UNBOUND_CLAIM,examples/corrupted_artifact_cases_extended/d23/case_14,false
D23-15,D23,Evidence,UNBOUND_CLAIM,examples/corrupted_artifact_cases_extended/d23/case_15,false
D23-16,D23,Evidence,UNBOUND_CLAIM,examples/corrupted_artifact_cases_extended/d23/case_16,false
D23-17,D23,Evidence,UNBOUND_CLAIM,examples/corrupted_artifact_cases_extended/d23/case_17,false
D23-18,D23,Evidence,UNBOUND_CLAIM,examples/corrupted_artifact_cases_extended/d23/case_18,false
D23-19,D23,Evidence,UNBOUND_CLAIM,examples/corrupted_artifact_cases_extended/d23/case_19,false
D23-20,D23,Evidence,UNBOUND_CLAIM,examples/corrupted_artifact_cases_extended/d23/case_20,false
D23-21,D23,Evidence,UNBOUND_CLAIM,examples/corrupted_artifact_cases_extended/d23/case_21,false
D23-22,D23,Evidence,UNBOUND_CLAIM,examples/corrupted_artifact_cases_extended/d23/case_22,false
D23-23,D23,Evidence,UNBOUND_CLAIM,examples/corrupted_artifact_cases_extended/d23/case_23,false
D23-24,D23,Evidence,UNBOUND_CLAIM,examples/corrupted_artifact_cases_extended/d23/case_24,false
D23-25,D23,Evidence,UNBOUND_CLAIM,examples/corrupted_artifact_cases_extended/d23/case_25,false
D23-26,D23,Evidence,UNBOUND_CLAIM,examples/corrupted_artifact_cases_extended/d23/case_26,false
D23-27,D23,Evidence,UNBOUND_CLAIM,examples/corrupted_artifact_cases_extended/d23/case_27,false
D23-28,D23,Evidence,UNBOUND_CLAIM,examples/corrupted_artifact_cases_extended/d23/case_28,false
D23-29,D23,Evidence,UNBOUND_CLAIM,examples/corrupted_artifact_cases_extended/d23/case_29,false
D23-30,D23,Evidence,UNBOUND_CLAIM,examples/corrupted_artifact_cases_extended/d23/case_30,false
D24-01,D24,Portability,NON_PORTABLE_PATH,examples/corrupted_artifact_cases_extended/d24/case_01,false
D24-02,D24,Portability,NON_PORTABLE_PATH,examples/corrupted_artifact_cases_extended/d24/case_02,false
D24-03,D24,Portability,NON_PORTABLE_PATH,examples/corrupted_artifact_cases_extended/d24/case_03,false
D24-04,D24,Portability,NON_PORTABLE_PATH,examples/corrupted_artifact_cases_extended/d24/case_04,false
D24-05,D24,Portability,NON_PORTABLE_PATH,examples/corrupted_artifact_cases_extended/d24/case_05,false
D24-06,D24,Portability,NON_PORTABLE_PATH,examples/corrupted_artifact_cases_extended/d24/case_06,false
D24-07,D24,Portability,NON_PORTABLE_PATH,examples/corrupted_artifact_cases_extended/d24/case_07,false
D24-08,D24,Portability,NON_PORTABLE_PATH,examples/corrupted_artifact_cases_extended/d24/case_08,false
D24-09,D24,Portability,NON_PORTABLE_PATH,examples/corrupted_artifact_cases_extended/d24/case_09,false
D24-10,D24,Portability,NON_PORTABLE_PATH,examples/corrupted_artifact_cases_extended/d24/case_10,false
D24-11,D24,Portability,NON_PORTABLE_PATH,examples/corrupted_artifact_cases_extended/d24/case_11,false
D24-12,D24,Portability,NON_PORTABLE_PATH,examples/corrupted_artifact_cases_extended/d24/case_12,false
D24-13,D24,Portability,NON_PORTABLE_PATH,examples/corrupted_artifact_cases_extended/d24/case_13,false
D24-14,D24,Portability,NON_PORTABLE_PATH,examples/corrupted_artifact_cases_extended/d24/case_14,false
D24-15,D24,Portability,NON_PORTABLE_PATH,examples/corrupted_artifact_cases_extended/d24/case_15,false
D24-16,D24,Portability,NON_PORTABLE_PATH,examples/corrupted_artifact_cases_extended/d24/case_16,false
D24-17,D24,Portability,NON_PORTABLE_PATH,examples/corrupted_artifact_cases_extended/d24/case_17,false
D24-18,D24,Portability,NON_PORTABLE_PATH,examples/corrupted_artifact_cases_extended/d24/case_18,false
D24-19,D24,Portability,NON_PORTABLE_PATH,examples/corrupted_artifact_cases_extended/d24/case_19,false
D24-20,D24,Portability,NON_PORTABLE_PATH,examples/corrupted_artifact_cases_extended/d24/case_20,false
D24-21,D24,Portability,NON_PORTABLE_PATH,examples/corrupted_artifact_cases_extended/d24/case_21,false
D24-22,D24,Portability,NON_PORTABLE_PATH,examples/corrupted_artifact_cases_extended/d24/case_22,false
D24-23,D24,Portability,NON_PORTABLE_PATH,examples/corrupted_artifact_cases_extended/d24/case_23,false
D24-24,D24,Portability,NON_PORTABLE_PATH,examples/corrupted_artifact_cases_extended/d24/case_24,false
D24-25,D24,Portability,NON_PORTABLE_PATH,examples/corrupted_artifact_cases_extended/d24/case_25,false
D24-26,D24,Portability,NON_PORTABLE_PATH,examples/corrupted_artifact_cases_extended/d24/case_26,false
D24-27,D24,Portability,NON_PORTABLE_PATH,examples/corrupted_artifact_cases_extended/d24/case_27,false
D24-28,D24,Portability,NON_PORTABLE_PATH,examples/corrupted_artifact_cases_extended/d24/case_28,false
D24-29,D24,Portability,NON_PORTABLE_PATH,examples/corrupted_artifact_cases_extended/d24/case_29,false
D24-30,D24,Portability,NON_PORTABLE_PATH,examples/corrupted_artifact_cases_extended/d24/case_30,false
D25-01,D25,Portability,NON_PORTABLE_PATH,examples/corrupted_artifact_cases_extended/d25/case_01,false
D25-02,D25,Portability,NON_PORTABLE_PATH,examples/corrupted_artifact_cases_extended/d25/case_02,false
D25-03,D25,Portability,NON_PORTABLE_PATH,examples/corrupted_artifact_cases_extended/d25/case_03,false
D25-04,D25,Portability,NON_PORTABLE_PATH,examples/corrupted_artifact_cases_extended/d25/case_04,false
D25-05,D25,Portability,NON_PORTABLE_PATH,examples/corrupted_artifact_cases_extended/d25/case_05,false
D25-06,D25,Portability,NON_PORTABLE_PATH,examples/corrupted_artifact_cases_extended/d25/case_06,false
D25-07,D25,Portability,NON_PORTABLE_PATH,examples/corrupted_artifact_cases_extended/d25/case_07,false
D25-08,D25,Portability,NON_PORTABLE_PATH,examples/corrupted_artifact_cases_extended/d25/case_08,false
D25-09,D25,Portability,NON_PORTABLE_PATH,examples/corrupted_artifact_cases_extended/d25/case_09,false
D25-10,D25,Portability,NON_PORTABLE_PATH,examples/corrupted_artifact_cases_extended/d25/case_10,false
D25-11,D25,Portability,NON_PORTABLE_PATH,examples/corrupted_artifact_cases_extended/d25/case_11,false
D25-12,D25,Portability,NON_PORTABLE_PATH,examples/corrupted_artifact_cases_extended/d25/case_12,false
D25-13,D25,Portability,NON_PORTABLE_PATH,examples/corrupted_artifact_cases_extended/d25/case_13,false
D25-14,D25,Portability,NON_PORTABLE_PATH,examples/corrupted_artifact_cases_extended/d25/case_14,false
D25-15,D25,Portability,NON_PORTABLE_PATH,examples/corrupted_artifact_cases_extended/d25/case_15,false
D25-16,D25,Portability,NON_PORTABLE_PATH,examples/corrupted_artifact_cases_extended/d25/case_16,false
D25-17,D25,Portability,NON_PORTABLE_PATH,examples/corrupted_artifact_cases_extended/d25/case_17,false
D25-18,D25,Portability,NON_PORTABLE_PATH,examples/corrupted_artifact_cases_extended/d25/case_18,false
D25-19,D25,Portability,NON_PORTABLE_PATH,examples/corrupted_artifact_cases_extended/d25/case_19,false
D25-20,D25,Portability,NON_PORTABLE_PATH,examples/corrupted_artifact_cases_extended/d25/case_20,false
D25-21,D25,Portability,NON_PORTABLE_PATH,examples/corrupted_artifact_cases_extended/d25/case_21,false
D25-22,D25,Portability,NON_PORTABLE_PATH,examples/corrupted_artifact_cases_extended/d25/case_22,false
D25-23,D25,Portability,NON_PORTABLE_PATH,examples/corrupted_artifact_cases_extended/d25/case_23,false
D25-24,D25,Portability,NON_PORTABLE_PATH,examples/corrupted_artifact_cases_extended/d25/case_24,false
D25-25,D25,Portability,NON_PORTABLE_PATH,examples/corrupted_artifact_cases_extended/d25/case_25,false
D25-26,D25,Portability,NON_PORTABLE_PATH,examples/corrupted_artifact_cases_extended/d25/case_26,false
D25-27,D25,Portability,NON_PORTABLE_PATH,examples/corrupted_artifact_cases_extended/d25/case_27,false
D25-28,D25,Portability,NON_PORTABLE_PATH,examples/corrupted_artifact_cases_extended/d25/case_28,false
D25-29,D25,Portability,NON_PORTABLE_PATH,examples/corrupted_artifact_cases_extended/d25/case_29,false
D25-30,D25,Portability,NON_PORTABLE_PATH,examples/corrupted_artifact_cases_extended/d25/case_30,false
D26-01,D26,Portability,NON_PORTABLE_PATH,examples/corrupted_artifact_cases_extended/d26/case_01,false
D26-02,D26,Portability,NON_PORTABLE_PATH,examples/corrupted_artifact_cases_extended/d26/case_02,false
D26-03,D26,Portability,NON_PORTABLE_PATH,examples/corrupted_artifact_cases_extended/d26/case_03,false
D26-04,D26,Portability,NON_PORTABLE_PATH,examples/corrupted_artifact_cases_extended/d26/case_04,false
D26-05,D26,Portability,NON_PORTABLE_PATH,examples/corrupted_artifact_cases_extended/d26/case_05,false
D26-06,D26,Portability,NON_PORTABLE_PATH,examples/corrupted_artifact_cases_extended/d26/case_06,false
D26-07,D26,Portability,NON_PORTABLE_PATH,examples/corrupted_artifact_cases_extended/d26/case_07,false
D26-08,D26,Portability,NON_PORTABLE_PATH,examples/corrupted_artifact_cases_extended/d26/case_08,false
D26-09,D26,Portability,NON_PORTABLE_PATH,examples/corrupted_artifact_cases_extended/d26/case_09,false
D26-10,D26,Portability,NON_PORTABLE_PATH,examples/corrupted_artifact_cases_extended/d26/case_10,false
D26-11,D26,Portability,NON_PORTABLE_PATH,examples/corrupted_artifact_cases_extended/d26/case_11,false
D26-12,D26,Portability,NON_PORTABLE_PATH,examples/corrupted_artifact_cases_extended/d26/case_12,false
D26-13,D26,Portability,NON_PORTABLE_PATH,examples/corrupted_artifact_cases_extended/d26/case_13,false
D26-14,D26,Portability,NON_PORTABLE_PATH,examples/corrupted_artifact_cases_extended/d26/case_14,false
D26-15,D26,Portability,NON_PORTABLE_PATH,examples/corrupted_artifact_cases_extended/d26/case_15,false
D26-16,D26,Portability,NON_PORTABLE_PATH,examples/corrupted_artifact_cases_extended/d26/case_16,false
D26-17,D26,Portability,NON_PORTABLE_PATH,examples/corrupted_artifact_cases_extended/d26/case_17,false
D26-18,D26,Portability,NON_PORTABLE_PATH,examples/corrupted_artifact_cases_extended/d26/case_18,false
D26-19,D26,Portability,NON_PORTABLE_PATH,examples/corrupted_artifact_cases_extended/d26/case_19,false
D26-20,D26,Portability,NON_PORTABLE_PATH,examples/corrupted_artifact_cases_extended/d26/case_20,false
D26-21,D26,Portability,NON_PORTABLE_PATH,examples/corrupted_artifact_cases_extended/d26/case_21,false
D26-22,D26,Portability,NON_PORTABLE_PATH,examples/corrupted_artifact_cases_extended/d26/case_22,false
D26-23,D26,Portability,NON_PORTABLE_PATH,examples/corrupted_artifact_cases_extended/d26/case_23,false
D26-24,D26,Portability,NON_PORTABLE_PATH,examples/corrupted_artifact_cases_extended/d26/case_24,false
D26-25,D26,Portability,NON_PORTABLE_PATH,examples/corrupted_artifact_cases_extended/d26/case_25,false
D26-26,D26,Portability,NON_PORTABLE_PATH,examples/corrupted_artifact_cases_extended/d26/case_26,false
D26-27,D26,Portability,NON_PORTABLE_PATH,examples/corrupted_artifact_cases_extended/d26/case_27,false
D26-28,D26,Portability,NON_PORTABLE_PATH,examples/corrupted_artifact_cases_extended/d26/case_28,false
D26-29,D26,Portability,NON_PORTABLE_PATH,examples/corrupted_artifact_cases_extended/d26/case_29,false
D26-30,D26,Portability,NON_PORTABLE_PATH,examples/corrupted_artifact_cases_extended/d26/case_30,false
D27-01,D27,Package,PACKAGE_MISSING_README,examples/corrupted_artifact_cases_extended/d27/case_01,false
D27-02,D27,Package,PACKAGE_MISSING_README,examples/corrupted_artifact_cases_extended/d27/case_02,false
D27-03,D27,Package,PACKAGE_MISSING_README,examples/corrupted_artifact_cases_extended/d27/case_03,false
D27-04,D27,Package,PACKAGE_MISSING_README,examples/corrupted_artifact_cases_extended/d27/case_04,false
D27-05,D27,Package,PACKAGE_MISSING_README,examples/corrupted_artifact_cases_extended/d27/case_05,false
D27-06,D27,Package,PACKAGE_MISSING_README,examples/corrupted_artifact_cases_extended/d27/case_06,false
D27-07,D27,Package,PACKAGE_MISSING_README,examples/corrupted_artifact_cases_extended/d27/case_07,false
D27-08,D27,Package,PACKAGE_MISSING_README,examples/corrupted_artifact_cases_extended/d27/case_08,false
D27-09,D27,Package,PACKAGE_MISSING_README,examples/corrupted_artifact_cases_extended/d27/case_09,false
D27-10,D27,Package,PACKAGE_MISSING_README,examples/corrupted_artifact_cases_extended/d27/case_10,false
D27-11,D27,Package,PACKAGE_MISSING_README,examples/corrupted_artifact_cases_extended/d27/case_11,false
D27-12,D27,Package,PACKAGE_MISSING_README,examples/corrupted_artifact_cases_extended/d27/case_12,false
D27-13,D27,Package,PACKAGE_MISSING_README,examples/corrupted_artifact_cases_extended/d27/case_13,false
D27-14,D27,Package,PACKAGE_MISSING_README,examples/corrupted_artifact_cases_extended/d27/case_14,false
D27-15,D27,Package,PACKAGE_MISSING_README,examples/corrupted_artifact_cases_extended/d27/case_15,false
D27-16,D27,Package,PACKAGE_MISSING_README,examples/corrupted_artifact_cases_extended/d27/case_16,false
D27-17,D27,Package,PACKAGE_MISSING_README,examples/corrupted_artifact_cases_extended/d27/case_17,false
D27-18,D27,Package,PACKAGE_MISSING_README,examples/corrupted_artifact_cases_extended/d27/case_18,false
D27-19,D27,Package,PACKAGE_MISSING_README,examples/corrupted_artifact_cases_extended/d27/case_19,false
D27-20,D27,Package,PACKAGE_MISSING_README,examples/corrupted_artifact_cases_extended/d27/case_20,false
D27-21,D27,Package,PACKAGE_MISSING_README,examples/corrupted_artifact_cases_extended/d27/case_21,false
D27-22,D27,Package,PACKAGE_MISSING_README,examples/corrupted_artifact_cases_extended/d27/case_22,false
D27-23,D27,Package,PACKAGE_MISSING_README,examples/corrupted_artifact_cases_extended/d27/case_23,false
D27-24,D27,Package,PACKAGE_MISSING_README,examples/corrupted_artifact_cases_extended/d27/case_24,false
D27-25,D27,Package,PACKAGE_MISSING_README,examples/corrupted_artifact_cases_extended/d27/case_25,false
D27-26,D27,Package,PACKAGE_MISSING_README,examples/corrupted_artifact_cases_extended/d27/case_26,false
D27-27,D27,Package,PACKAGE_MISSING_README,examples/corrupted_artifact_cases_extended/d27/case_27,false
D27-28,D27,Package,PACKAGE_MISSING_README,examples/corrupted_artifact_cases_extended/d27/case_28,false
D27-29,D27,Package,PACKAGE_MISSING_README,examples/corrupted_artifact_cases_extended/d27/case_29,false
D27-30,D27,Package,PACKAGE_MISSING_README,examples/corrupted_artifact_cases_extended/d27/case_30,false
D28-01,D28,Package,PACKAGE_MISSING_LICENSE,examples/corrupted_artifact_cases_extended/d28/case_01,false
D28-02,D28,Package,PACKAGE_MISSING_LICENSE,examples/corrupted_artifact_cases_extended/d28/case_02,false
D28-03,D28,Package,PACKAGE_MISSING_LICENSE,examples/corrupted_artifact_cases_extended/d28/case_03,false
D28-04,D28,Package,PACKAGE_MISSING_LICENSE,examples/corrupted_artifact_cases_extended/d28/case_04,false
D28-05,D28,Package,PACKAGE_MISSING_LICENSE,examples/corrupted_artifact_cases_extended/d28/case_05,false
D28-06,D28,Package,PACKAGE_MISSING_LICENSE,examples/corrupted_artifact_cases_extended/d28/case_06,false
D28-07,D28,Package,PACKAGE_MISSING_LICENSE,examples/corrupted_artifact_cases_extended/d28/case_07,false
D28-08,D28,Package,PACKAGE_MISSING_LICENSE,examples/corrupted_artifact_cases_extended/d28/case_08,false
D28-09,D28,Package,PACKAGE_MISSING_LICENSE,examples/corrupted_artifact_cases_extended/d28/case_09,false
D28-10,D28,Package,PACKAGE_MISSING_LICENSE,examples/corrupted_artifact_cases_extended/d28/case_10,false
D28-11,D28,Package,PACKAGE_MISSING_LICENSE,examples/corrupted_artifact_cases_extended/d28/case_11,false
D28-12,D28,Package,PACKAGE_MISSING_LICENSE,examples/corrupted_artifact_cases_extended/d28/case_12,false
D28-13,D28,Package,PACKAGE_MISSING_LICENSE,examples/corrupted_artifact_cases_extended/d28/case_13,false
D28-14,D28,Package,PACKAGE_MISSING_LICENSE,examples/corrupted_artifact_cases_extended/d28/case_14,false
D28-15,D28,Package,PACKAGE_MISSING_LICENSE,examples/corrupted_artifact_cases_extended/d28/case_15,false
D28-16,D28,Package,PACKAGE_MISSING_LICENSE,examples/corrupted_artifact_cases_extended/d28/case_16,false
D28-17,D28,Package,PACKAGE_MISSING_LICENSE,examples/corrupted_artifact_cases_extended/d28/case_17,false
D28-18,D28,Package,PACKAGE_MISSING_LICENSE,examples/corrupted_artifact_cases_extended/d28/case_18,false
D28-19,D28,Package,PACKAGE_MISSING_LICENSE,examples/corrupted_artifact_cases_extended/d28/case_19,false
D28-20,D28,Package,PACKAGE_MISSING_LICENSE,examples/corrupted_artifact_cases_extended/d28/case_20,false
D28-21,D28,Package,PACKAGE_MISSING_LICENSE,examples/corrupted_artifact_cases_extended/d28/case_21,false
D28-22,D28,Package,PACKAGE_MISSING_LICENSE,examples/corrupted_artifact_cases_extended/d28/case_22,false
D28-23,D28,Package,PACKAGE_MISSING_LICENSE,examples/corrupted_artifact_cases_extended/d28/case_23,false
D28-24,D28,Package,PACKAGE_MISSING_LICENSE,examples/corrupted_artifact_cases_extended/d28/case_24,false
D28-25,D28,Package,PACKAGE_MISSING_LICENSE,examples/corrupted_artifact_cases_extended/d28/case_25,false
D28-26,D28,Package,PACKAGE_MISSING_LICENSE,examples/corrupted_artifact_cases_extended/d28/case_26,false
D28-27,D28,Package,PACKAGE_MISSING_LICENSE,examples/corrupted_artifact_cases_extended/d28/case_27,false
D28-28,D28,Package,PACKAGE_MISSING_LICENSE,examples/corrupted_artifact_cases_extended/d28/case_28,false
D28-29,D28,Package,PACKAGE_MISSING_LICENSE,examples/corrupted_artifact_cases_extended/d28/case_29,false
D28-30,D28,Package,PACKAGE_MISSING_LICENSE,examples/corrupted_artifact_cases_extended/d28/case_30,false
D29-01,D29,Package,PACKAGE_MISSING_CITATION,examples/corrupted_artifact_cases_extended/d29/case_01,false
D29-02,D29,Package,PACKAGE_MISSING_CITATION,examples/corrupted_artifact_cases_extended/d29/case_02,false
D29-03,D29,Package,PACKAGE_MISSING_CITATION,examples/corrupted_artifact_cases_extended/d29/case_03,false
D29-04,D29,Package,PACKAGE_MISSING_CITATION,examples/corrupted_artifact_cases_extended/d29/case_04,false
D29-05,D29,Package,PACKAGE_MISSING_CITATION,examples/corrupted_artifact_cases_extended/d29/case_05,false
D29-06,D29,Package,PACKAGE_MISSING_CITATION,examples/corrupted_artifact_cases_extended/d29/case_06,false
D29-07,D29,Package,PACKAGE_MISSING_CITATION,examples/corrupted_artifact_cases_extended/d29/case_07,false
D29-08,D29,Package,PACKAGE_MISSING_CITATION,examples/corrupted_artifact_cases_extended/d29/case_08,false
D29-09,D29,Package,PACKAGE_MISSING_CITATION,examples/corrupted_artifact_cases_extended/d29/case_09,false
D29-10,D29,Package,PACKAGE_MISSING_CITATION,examples/corrupted_artifact_cases_extended/d29/case_10,false
D29-11,D29,Package,PACKAGE_MISSING_CITATION,examples/corrupted_artifact_cases_extended/d29/case_11,false
D29-12,D29,Package,PACKAGE_MISSING_CITATION,examples/corrupted_artifact_cases_extended/d29/case_12,false
D29-13,D29,Package,PACKAGE_MISSING_CITATION,examples/corrupted_artifact_cases_extended/d29/case_13,false
D29-14,D29,Package,PACKAGE_MISSING_CITATION,examples/corrupted_artifact_cases_extended/d29/case_14,false
D29-15,D29,Package,PACKAGE_MISSING_CITATION,examples/corrupted_artifact_cases_extended/d29/case_15,false
D29-16,D29,Package,PACKAGE_MISSING_CITATION,examples/corrupted_artifact_cases_extended/d29/case_16,false
D29-17,D29,Package,PACKAGE_MISSING_CITATION,examples/corrupted_artifact_cases_extended/d29/case_17,false
D29-18,D29,Package,PACKAGE_MISSING_CITATION,examples/corrupted_artifact_cases_extended/d29/case_18,false
D29-19,D29,Package,PACKAGE_MISSING_CITATION,examples/corrupted_artifact_cases_extended/d29/case_19,false
D29-20,D29,Package,PACKAGE_MISSING_CITATION,examples/corrupted_artifact_cases_extended/d29/case_20,false
D29-21,D29,Package,PACKAGE_MISSING_CITATION,examples/corrupted_artifact_cases_extended/d29/case_21,false
D29-22,D29,Package,PACKAGE_MISSING_CITATION,examples/corrupted_artifact_cases_extended/d29/case_22,false
D29-23,D29,Package,PACKAGE_MISSING_CITATION,examples/corrupted_artifact_cases_extended/d29/case_23,false
D29-24,D29,Package,PACKAGE_MISSING_CITATION,examples/corrupted_artifact_cases_extended/d29/case_24,false
D29-25,D29,Package,PACKAGE_MISSING_CITATION,examples/corrupted_artifact_cases_extended/d29/case_25,false
D29-26,D29,Package,PACKAGE_MISSING_CITATION,examples/corrupted_artifact_cases_extended/d29/case_26,false
D29-27,D29,Package,PACKAGE_MISSING_CITATION,examples/corrupted_artifact_cases_extended/d29/case_27,false
D29-28,D29,Package,PACKAGE_MISSING_CITATION,examples/corrupted_artifact_cases_extended/d29/case_28,false
D29-29,D29,Package,PACKAGE_MISSING_CITATION,examples/corrupted_artifact_cases_extended/d29/case_29,false
D29-30,D29,Package,PACKAGE_MISSING_CITATION,examples/corrupted_artifact_cases_extended/d29/case_30,false
D30-01,D30,Package,RELEASE_CONTAMINATION,examples/corrupted_artifact_cases_extended/d30/case_01,false
D30-02,D30,Package,RELEASE_CONTAMINATION,examples/corrupted_artifact_cases_extended/d30/case_02,false
D30-03,D30,Package,RELEASE_CONTAMINATION,examples/corrupted_artifact_cases_extended/d30/case_03,false
D30-04,D30,Package,RELEASE_CONTAMINATION,examples/corrupted_artifact_cases_extended/d30/case_04,false
D30-05,D30,Package,RELEASE_CONTAMINATION,examples/corrupted_artifact_cases_extended/d30/case_05,false
D30-06,D30,Package,RELEASE_CONTAMINATION,examples/corrupted_artifact_cases_extended/d30/case_06,false
D30-07,D30,Package,RELEASE_CONTAMINATION,examples/corrupted_artifact_cases_extended/d30/case_07,false
D30-08,D30,Package,RELEASE_CONTAMINATION,examples/corrupted_artifact_cases_extended/d30/case_08,false
D30-09,D30,Package,RELEASE_CONTAMINATION,examples/corrupted_artifact_cases_extended/d30/case_09,false
D30-10,D30,Package,RELEASE_CONTAMINATION,examples/corrupted_artifact_cases_extended/d30/case_10,false
D30-11,D30,Package,RELEASE_CONTAMINATION,examples/corrupted_artifact_cases_extended/d30/case_11,false
D30-12,D30,Package,RELEASE_CONTAMINATION,examples/corrupted_artifact_cases_extended/d30/case_12,false
D30-13,D30,Package,RELEASE_CONTAMINATION,examples/corrupted_artifact_cases_extended/d30/case_13,false
D30-14,D30,Package,RELEASE_CONTAMINATION,examples/corrupted_artifact_cases_extended/d30/case_14,false
D30-15,D30,Package,RELEASE_CONTAMINATION,examples/corrupted_artifact_cases_extended/d30/case_15,false
D30-16,D30,Package,RELEASE_CONTAMINATION,examples/corrupted_artifact_cases_extended/d30/case_16,false
D30-17,D30,Package,RELEASE_CONTAMINATION,examples/corrupted_artifact_cases_extended/d30/case_17,false
D30-18,D30,Package,RELEASE_CONTAMINATION,examples/corrupted_artifact_cases_extended/d30/case_18,false
D30-19,D30,Package,RELEASE_CONTAMINATION,examples/corrupted_artifact_cases_extended/d30/case_19,false
D30-20,D30,Package,RELEASE_CONTAMINATION,examples/corrupted_artifact_cases_extended/d30/case_20,false
D30-21,D30,Package,RELEASE_CONTAMINATION,examples/corrupted_artifact_cases_extended/d30/case_21,false
D30-22,D30,Package,RELEASE_CONTAMINATION,examples/corrupted_artifact_cases_extended/d30/case_22,false
D30-23,D30,Package,RELEASE_CONTAMINATION,examples/corrupted_artifact_cases_extended/d30/case_23,false
D30-24,D30,Package,RELEASE_CONTAMINATION,examples/corrupted_artifact_cases_extended/d30/case_24,false
D30-25,D30,Package,RELEASE_CONTAMINATION,examples/corrupted_artifact_cases_extended/d30/case_25,false
D30-26,D30,Package,RELEASE_CONTAMINATION,examples/corrupted_artifact_cases_extended/d30/case_26,false
D30-27,D30,Package,RELEASE_CONTAMINATION,examples/corrupted_artifact_cases_extended/d30/case_27,false
D30-28,D30,Package,RELEASE_CONTAMINATION,examples/corrupted_artifact_cases_extended/d30/case_28,false
D30-29,D30,Package,RELEASE_CONTAMINATION,examples/corrupted_artifact_cases_extended/d30/case_29,false
D30-30,D30,Package,RELEASE_CONTAMINATION,examples/corrupted_artifact_cases_extended/d30/case_30,false
CLEAN-01,CLEAN,Clean,NONE,examples/corrupted_artifact_cases_extended/clean_specificity/case_01,true
CLEAN-02,CLEAN,Clean,NONE,examples/corrupted_artifact_cases_extended/clean_specificity/case_02,true
CLEAN-03,CLEAN,Clean,NONE,examples/corrupted_artifact_cases_extended/clean_specificity/case_03,true
CLEAN-04,CLEAN,Clean,NONE,examples/corrupted_artifact_cases_extended/clean_specificity/case_04,true
CLEAN-05,CLEAN,Clean,NONE,examples/corrupted_artifact_cases_extended/clean_specificity/case_05,true
CLEAN-06,CLEAN,Clean,NONE,examples/corrupted_artifact_cases_extended/clean_specificity/case_06,true
CLEAN-07,CLEAN,Clean,NONE,examples/corrupted_artifact_cases_extended/clean_specificity/case_07,true
CLEAN-08,CLEAN,Clean,NONE,examples/corrupted_artifact_cases_extended/clean_specificity/case_08,true
CLEAN-09,CLEAN,Clean,NONE,examples/corrupted_artifact_cases_extended/clean_specificity/case_09,true
CLEAN-10,CLEAN,Clean,NONE,examples/corrupted_artifact_cases_extended/clean_specificity/case_10,true
CLEAN-11,CLEAN,Clean,NONE,examples/corrupted_artifact_cases_extended/clean_specificity/case_11,true
CLEAN-12,CLEAN,Clean,NONE,examples/corrupted_artifact_cases_extended/clean_specificity/case_12,true
CLEAN-13,CLEAN,Clean,NONE,examples/corrupted_artifact_cases_extended/clean_specificity/case_13,true
CLEAN-14,CLEAN,Clean,NONE,examples/corrupted_artifact_cases_extended/clean_specificity/case_14,true
CLEAN-15,CLEAN,Clean,NONE,examples/corrupted_artifact_cases_extended/clean_specificity/case_15,true
CLEAN-16,CLEAN,Clean,NONE,examples/corrupted_artifact_cases_extended/clean_specificity/case_16,true
CLEAN-17,CLEAN,Clean,NONE,examples/corrupted_artifact_cases_extended/clean_specificity/case_17,true
CLEAN-18,CLEAN,Clean,NONE,examples/corrupted_artifact_cases_extended/clean_specificity/case_18,true
CLEAN-19,CLEAN,Clean,NONE,examples/corrupted_artifact_cases_extended/clean_specificity/case_19,true
CLEAN-20,CLEAN,Clean,NONE,examples/corrupted_artifact_cases_extended/clean_specificity/case_20,true
CLEAN-21,CLEAN,Clean,NONE,examples/corrupted_artifact_cases_extended/clean_specificity/case_21,true
CLEAN-22,CLEAN,Clean,NONE,examples/corrupted_artifact_cases_extended/clean_specificity/case_22,true
CLEAN-23,CLEAN,Clean,NONE,examples/corrupted_artifact_cases_extended/clean_specificity/case_23,true
CLEAN-24,CLEAN,Clean,NONE,examples/corrupted_artifact_cases_extended/clean_specificity/case_24,true
CLEAN-25,CLEAN,Clean,NONE,examples/corrupted_artifact_cases_extended/clean_specificity/case_25,true
CLEAN-26,CLEAN,Clean,NONE,examples/corrupted_artifact_cases_extended/clean_specificity/case_26,true
CLEAN-27,CLEAN,Clean,NONE,examples/corrupted_artifact_cases_extended/clean_specificity/case_27,true
CLEAN-28,CLEAN,Clean,NONE,examples/corrupted_artifact_cases_extended/clean_specificity/case_28,true
CLEAN-29,CLEAN,Clean,NONE,examples/corrupted_artifact_cases_extended/clean_specificity/case_29,true
CLEAN-30,CLEAN,Clean,NONE,examples/corrupted_artifact_cases_extended/clean_specificity/case_30,true
