claim_id,category,claim_text,expected_status
IST-CL-001,safe_software_simulation_claims,The ngspice replay records software simulation evidence for case 1.,SUPPORTED
IST-CL-002,safe_software_simulation_claims,The ngspice replay records software simulation evidence for case 2.,SUPPORTED
IST-CL-003,safe_software_simulation_claims,The ngspice replay records software simulation evidence for case 3.,SUPPORTED
IST-CL-004,safe_software_simulation_claims,The ngspice replay records software simulation evidence for case 4.,SUPPORTED
IST-CL-005,safe_software_simulation_claims,The ngspice replay records software simulation evidence for case 5.,SUPPORTED
IST-CL-006,safe_software_simulation_claims,The ngspice replay records software simulation evidence for case 6.,SUPPORTED
IST-CL-007,safe_software_simulation_claims,The ngspice replay records software simulation evidence for case 7.,SUPPORTED
IST-CL-008,safe_software_simulation_claims,The ngspice replay records software simulation evidence for case 8.,SUPPORTED
IST-CL-009,safe_software_simulation_claims,The ngspice replay records software simulation evidence for case 9.,SUPPORTED
IST-CL-010,safe_software_simulation_claims,The ngspice replay records software simulation evidence for case 10.,SUPPORTED
IST-CL-011,safe_software_simulation_claims,The ngspice replay records software simulation evidence for case 11.,SUPPORTED
IST-CL-012,safe_software_simulation_claims,The ngspice replay records software simulation evidence for case 12.,SUPPORTED
IST-CL-013,safe_software_simulation_claims,The ngspice replay records software simulation evidence for case 13.,SUPPORTED
IST-CL-014,safe_software_simulation_claims,The ngspice replay records software simulation evidence for case 14.,SUPPORTED
IST-CL-015,safe_software_simulation_claims,The ngspice replay records software simulation evidence for case 15.,SUPPORTED
IST-CL-016,safe_software_simulation_claims,The ngspice replay records software simulation evidence for case 16.,SUPPORTED
IST-CL-017,safe_software_simulation_claims,The ngspice replay records software simulation evidence for case 17.,SUPPORTED
IST-CL-018,safe_software_simulation_claims,The ngspice replay records software simulation evidence for case 18.,SUPPORTED
IST-CL-019,safe_software_simulation_claims,The ngspice replay records software simulation evidence for case 19.,SUPPORTED
IST-CL-020,safe_software_simulation_claims,The ngspice replay records software simulation evidence for case 20.,SUPPORTED
IST-CL-021,safe_software_simulation_claims,The ngspice replay records software simulation evidence for case 21.,SUPPORTED
IST-CL-022,safe_software_simulation_claims,The ngspice replay records software simulation evidence for case 22.,SUPPORTED
IST-CL-023,safe_software_simulation_claims,The ngspice replay records software simulation evidence for case 23.,SUPPORTED
IST-CL-024,safe_software_simulation_claims,The ngspice replay records software simulation evidence for case 24.,SUPPORTED
IST-CL-025,safe_software_simulation_claims,The ngspice replay records software simulation evidence for case 25.,SUPPORTED
IST-CL-026,safe_software_simulation_claims,The ngspice replay records software simulation evidence for case 26.,SUPPORTED
IST-CL-027,safe_software_simulation_claims,The ngspice replay records software simulation evidence for case 27.,SUPPORTED
IST-CL-028,safe_software_simulation_claims,The ngspice replay records software simulation evidence for case 28.,SUPPORTED
IST-CL-029,safe_software_simulation_claims,The ngspice replay records software simulation evidence for case 29.,SUPPORTED
IST-CL-030,safe_software_simulation_claims,The ngspice replay records software simulation evidence for case 30.,SUPPORTED
IST-CL-031,safe_software_simulation_claims,The ngspice replay records software simulation evidence for case 31.,SUPPORTED
IST-CL-032,safe_software_simulation_claims,The ngspice replay records software simulation evidence for case 32.,SUPPORTED
IST-CL-033,safe_software_simulation_claims,The ngspice replay records software simulation evidence for case 33.,SUPPORTED
IST-CL-034,safe_software_simulation_claims,The ngspice replay records software simulation evidence for case 34.,SUPPORTED
IST-CL-035,safe_software_simulation_claims,The ngspice replay records software simulation evidence for case 35.,SUPPORTED
IST-CL-036,safe_software_simulation_claims,The ngspice replay records software simulation evidence for case 36.,SUPPORTED
IST-CL-037,safe_software_simulation_claims,The ngspice replay records software simulation evidence for case 37.,SUPPORTED
IST-CL-038,safe_software_simulation_claims,The ngspice replay records software simulation evidence for case 38.,SUPPORTED
IST-CL-039,safe_software_simulation_claims,The ngspice replay records software simulation evidence for case 39.,SUPPORTED
IST-CL-040,safe_software_simulation_claims,The ngspice replay records software simulation evidence for case 40.,SUPPORTED
IST-CL-041,safe_software_simulation_claims,The ngspice replay records software simulation evidence for case 41.,SUPPORTED
IST-CL-042,safe_software_simulation_claims,The ngspice replay records software simulation evidence for case 42.,SUPPORTED
IST-CL-043,safe_software_simulation_claims,The ngspice replay records software simulation evidence for case 43.,SUPPORTED
IST-CL-044,safe_software_simulation_claims,The ngspice replay records software simulation evidence for case 44.,SUPPORTED
IST-CL-045,safe_software_simulation_claims,The ngspice replay records software simulation evidence for case 45.,SUPPORTED
IST-CL-046,safe_software_simulation_claims,The ngspice replay records software simulation evidence for case 46.,SUPPORTED
IST-CL-047,safe_software_simulation_claims,The ngspice replay records software simulation evidence for case 47.,SUPPORTED
IST-CL-048,safe_software_simulation_claims,The ngspice replay records software simulation evidence for case 48.,SUPPORTED
IST-CL-049,safe_software_simulation_claims,The ngspice replay records software simulation evidence for case 49.,SUPPORTED
IST-CL-050,safe_software_simulation_claims,The ngspice replay records software simulation evidence for case 50.,SUPPORTED
IST-CL-051,safe_software_simulation_claims,The ngspice replay records software simulation evidence for case 51.,SUPPORTED
IST-CL-052,safe_software_simulation_claims,The ngspice replay records software simulation evidence for case 52.,SUPPORTED
IST-CL-053,safe_software_simulation_claims,The ngspice replay records software simulation evidence for case 53.,SUPPORTED
IST-CL-054,safe_software_simulation_claims,The ngspice replay records software simulation evidence for case 54.,SUPPORTED
IST-CL-055,safe_software_simulation_claims,The ngspice replay records software simulation evidence for case 55.,SUPPORTED
IST-CL-056,safe_software_simulation_claims,The ngspice replay records software simulation evidence for case 56.,SUPPORTED
IST-CL-057,safe_software_simulation_claims,The ngspice replay records software simulation evidence for case 57.,SUPPORTED
IST-CL-058,safe_software_simulation_claims,The ngspice replay records software simulation evidence for case 58.,SUPPORTED
IST-CL-059,safe_software_simulation_claims,The ngspice replay records software simulation evidence for case 59.,SUPPORTED
IST-CL-060,safe_software_simulation_claims,The ngspice replay records software simulation evidence for case 60.,SUPPORTED
IST-CL-061,safe_synthesis_claims,The Yosys report records L4 synthesis evidence for HDL case 1.,SUPPORTED
IST-CL-062,safe_synthesis_claims,The Yosys report records L4 synthesis evidence for HDL case 2.,SUPPORTED
IST-CL-063,safe_synthesis_claims,The Yosys report records L4 synthesis evidence for HDL case 3.,SUPPORTED
IST-CL-064,safe_synthesis_claims,The Yosys report records L4 synthesis evidence for HDL case 4.,SUPPORTED
IST-CL-065,safe_synthesis_claims,The Yosys report records L4 synthesis evidence for HDL case 5.,SUPPORTED
IST-CL-066,safe_synthesis_claims,The Yosys report records L4 synthesis evidence for HDL case 6.,SUPPORTED
IST-CL-067,safe_synthesis_claims,The Yosys report records L4 synthesis evidence for HDL case 7.,SUPPORTED
IST-CL-068,safe_synthesis_claims,The Yosys report records L4 synthesis evidence for HDL case 8.,SUPPORTED
IST-CL-069,safe_synthesis_claims,The Yosys report records L4 synthesis evidence for HDL case 9.,SUPPORTED
IST-CL-070,safe_synthesis_claims,The Yosys report records L4 synthesis evidence for HDL case 10.,SUPPORTED
IST-CL-071,safe_synthesis_claims,The Yosys report records L4 synthesis evidence for HDL case 11.,SUPPORTED
IST-CL-072,safe_synthesis_claims,The Yosys report records L4 synthesis evidence for HDL case 12.,SUPPORTED
IST-CL-073,safe_synthesis_claims,The Yosys report records L4 synthesis evidence for HDL case 13.,SUPPORTED
IST-CL-074,safe_synthesis_claims,The Yosys report records L4 synthesis evidence for HDL case 14.,SUPPORTED
IST-CL-075,safe_synthesis_claims,The Yosys report records L4 synthesis evidence for HDL case 15.,SUPPORTED
IST-CL-076,safe_synthesis_claims,The Yosys report records L4 synthesis evidence for HDL case 16.,SUPPORTED
IST-CL-077,safe_synthesis_claims,The Yosys report records L4 synthesis evidence for HDL case 17.,SUPPORTED
IST-CL-078,safe_synthesis_claims,The Yosys report records L4 synthesis evidence for HDL case 18.,SUPPORTED
IST-CL-079,safe_synthesis_claims,The Yosys report records L4 synthesis evidence for HDL case 19.,SUPPORTED
IST-CL-080,safe_synthesis_claims,The Yosys report records L4 synthesis evidence for HDL case 20.,SUPPORTED
IST-CL-081,safe_synthesis_claims,The Yosys report records L4 synthesis evidence for HDL case 21.,SUPPORTED
IST-CL-082,safe_synthesis_claims,The Yosys report records L4 synthesis evidence for HDL case 22.,SUPPORTED
IST-CL-083,safe_synthesis_claims,The Yosys report records L4 synthesis evidence for HDL case 23.,SUPPORTED
IST-CL-084,safe_synthesis_claims,The Yosys report records L4 synthesis evidence for HDL case 24.,SUPPORTED
IST-CL-085,safe_synthesis_claims,The Yosys report records L4 synthesis evidence for HDL case 25.,SUPPORTED
IST-CL-086,safe_synthesis_claims,The Yosys report records L4 synthesis evidence for HDL case 26.,SUPPORTED
IST-CL-087,safe_synthesis_claims,The Yosys report records L4 synthesis evidence for HDL case 27.,SUPPORTED
IST-CL-088,safe_synthesis_claims,The Yosys report records L4 synthesis evidence for HDL case 28.,SUPPORTED
IST-CL-089,safe_synthesis_claims,The Yosys report records L4 synthesis evidence for HDL case 29.,SUPPORTED
IST-CL-090,safe_synthesis_claims,The Yosys report records L4 synthesis evidence for HDL case 30.,SUPPORTED
IST-CL-091,safe_synthesis_claims,The Yosys report records L4 synthesis evidence for HDL case 31.,SUPPORTED
IST-CL-092,safe_synthesis_claims,The Yosys report records L4 synthesis evidence for HDL case 32.,SUPPORTED
IST-CL-093,safe_synthesis_claims,The Yosys report records L4 synthesis evidence for HDL case 33.,SUPPORTED
IST-CL-094,safe_synthesis_claims,The Yosys report records L4 synthesis evidence for HDL case 34.,SUPPORTED
IST-CL-095,safe_synthesis_claims,The Yosys report records L4 synthesis evidence for HDL case 35.,SUPPORTED
IST-CL-096,safe_synthesis_claims,The Yosys report records L4 synthesis evidence for HDL case 36.,SUPPORTED
IST-CL-097,safe_synthesis_claims,The Yosys report records L4 synthesis evidence for HDL case 37.,SUPPORTED
IST-CL-098,safe_synthesis_claims,The Yosys report records L4 synthesis evidence for HDL case 38.,SUPPORTED
IST-CL-099,safe_synthesis_claims,The Yosys report records L4 synthesis evidence for HDL case 39.,SUPPORTED
IST-CL-100,safe_synthesis_claims,The Yosys report records L4 synthesis evidence for HDL case 40.,SUPPORTED
IST-CL-101,hardware_validation_overclaims,The package provides hardware validation for case 1.,UNSUPPORTED
IST-CL-102,hardware_validation_overclaims,The package provides hardware validation for case 2.,UNSUPPORTED
IST-CL-103,hardware_validation_overclaims,The package provides hardware validation for case 3.,UNSUPPORTED
IST-CL-104,hardware_validation_overclaims,The package provides hardware validation for case 4.,UNSUPPORTED
IST-CL-105,hardware_validation_overclaims,The package provides hardware validation for case 5.,UNSUPPORTED
IST-CL-106,hardware_validation_overclaims,The package provides hardware validation for case 6.,UNSUPPORTED
IST-CL-107,hardware_validation_overclaims,The package provides hardware validation for case 7.,UNSUPPORTED
IST-CL-108,hardware_validation_overclaims,The package provides hardware validation for case 8.,UNSUPPORTED
IST-CL-109,hardware_validation_overclaims,The package provides hardware validation for case 9.,UNSUPPORTED
IST-CL-110,hardware_validation_overclaims,The package provides hardware validation for case 10.,UNSUPPORTED
IST-CL-111,hardware_validation_overclaims,The package provides hardware validation for case 11.,UNSUPPORTED
IST-CL-112,hardware_validation_overclaims,The package provides hardware validation for case 12.,UNSUPPORTED
IST-CL-113,hardware_validation_overclaims,The package provides hardware validation for case 13.,UNSUPPORTED
IST-CL-114,hardware_validation_overclaims,The package provides hardware validation for case 14.,UNSUPPORTED
IST-CL-115,hardware_validation_overclaims,The package provides hardware validation for case 15.,UNSUPPORTED
IST-CL-116,hardware_validation_overclaims,The package provides hardware validation for case 16.,UNSUPPORTED
IST-CL-117,hardware_validation_overclaims,The package provides hardware validation for case 17.,UNSUPPORTED
IST-CL-118,hardware_validation_overclaims,The package provides hardware validation for case 18.,UNSUPPORTED
IST-CL-119,hardware_validation_overclaims,The package provides hardware validation for case 19.,UNSUPPORTED
IST-CL-120,hardware_validation_overclaims,The package provides hardware validation for case 20.,UNSUPPORTED
IST-CL-121,hardware_validation_overclaims,The package provides hardware validation for case 21.,UNSUPPORTED
IST-CL-122,hardware_validation_overclaims,The package provides hardware validation for case 22.,UNSUPPORTED
IST-CL-123,hardware_validation_overclaims,The package provides hardware validation for case 23.,UNSUPPORTED
IST-CL-124,hardware_validation_overclaims,The package provides hardware validation for case 24.,UNSUPPORTED
IST-CL-125,hardware_validation_overclaims,The package provides hardware validation for case 25.,UNSUPPORTED
IST-CL-126,hardware_validation_overclaims,The package provides hardware validation for case 26.,UNSUPPORTED
IST-CL-127,hardware_validation_overclaims,The package provides hardware validation for case 27.,UNSUPPORTED
IST-CL-128,hardware_validation_overclaims,The package provides hardware validation for case 28.,UNSUPPORTED
IST-CL-129,hardware_validation_overclaims,The package provides hardware validation for case 29.,UNSUPPORTED
IST-CL-130,hardware_validation_overclaims,The package provides hardware validation for case 30.,UNSUPPORTED
IST-CL-131,hardware_validation_overclaims,The package provides hardware validation for case 31.,UNSUPPORTED
IST-CL-132,hardware_validation_overclaims,The package provides hardware validation for case 32.,UNSUPPORTED
IST-CL-133,hardware_validation_overclaims,The package provides hardware validation for case 33.,UNSUPPORTED
IST-CL-134,hardware_validation_overclaims,The package provides hardware validation for case 34.,UNSUPPORTED
IST-CL-135,hardware_validation_overclaims,The package provides hardware validation for case 35.,UNSUPPORTED
IST-CL-136,hardware_validation_overclaims,The package provides hardware validation for case 36.,UNSUPPORTED
IST-CL-137,hardware_validation_overclaims,The package provides hardware validation for case 37.,UNSUPPORTED
IST-CL-138,hardware_validation_overclaims,The package provides hardware validation for case 38.,UNSUPPORTED
IST-CL-139,hardware_validation_overclaims,The package provides hardware validation for case 39.,UNSUPPORTED
IST-CL-140,hardware_validation_overclaims,The package provides hardware validation for case 40.,UNSUPPORTED
IST-CL-141,hardware_validation_overclaims,The package provides hardware validation for case 41.,UNSUPPORTED
IST-CL-142,hardware_validation_overclaims,The package provides hardware validation for case 42.,UNSUPPORTED
IST-CL-143,hardware_validation_overclaims,The package provides hardware validation for case 43.,UNSUPPORTED
IST-CL-144,hardware_validation_overclaims,The package provides hardware validation for case 44.,UNSUPPORTED
IST-CL-145,hardware_validation_overclaims,The package provides hardware validation for case 45.,UNSUPPORTED
IST-CL-146,hardware_validation_overclaims,The package provides hardware validation for case 46.,UNSUPPORTED
IST-CL-147,hardware_validation_overclaims,The package provides hardware validation for case 47.,UNSUPPORTED
IST-CL-148,hardware_validation_overclaims,The package provides hardware validation for case 48.,UNSUPPORTED
IST-CL-149,hardware_validation_overclaims,The package provides hardware validation for case 49.,UNSUPPORTED
IST-CL-150,hardware_validation_overclaims,The package provides hardware validation for case 50.,UNSUPPORTED
IST-CL-151,vivado_timing_overclaims,Vivado timing closure was achieved for HDL case 1.,UNSUPPORTED
IST-CL-152,vivado_timing_overclaims,Vivado timing closure was achieved for HDL case 2.,UNSUPPORTED
IST-CL-153,vivado_timing_overclaims,Vivado timing closure was achieved for HDL case 3.,UNSUPPORTED
IST-CL-154,vivado_timing_overclaims,Vivado timing closure was achieved for HDL case 4.,UNSUPPORTED
IST-CL-155,vivado_timing_overclaims,Vivado timing closure was achieved for HDL case 5.,UNSUPPORTED
IST-CL-156,vivado_timing_overclaims,Vivado timing closure was achieved for HDL case 6.,UNSUPPORTED
IST-CL-157,vivado_timing_overclaims,Vivado timing closure was achieved for HDL case 7.,UNSUPPORTED
IST-CL-158,vivado_timing_overclaims,Vivado timing closure was achieved for HDL case 8.,UNSUPPORTED
IST-CL-159,vivado_timing_overclaims,Vivado timing closure was achieved for HDL case 9.,UNSUPPORTED
IST-CL-160,vivado_timing_overclaims,Vivado timing closure was achieved for HDL case 10.,UNSUPPORTED
IST-CL-161,vivado_timing_overclaims,Vivado timing closure was achieved for HDL case 11.,UNSUPPORTED
IST-CL-162,vivado_timing_overclaims,Vivado timing closure was achieved for HDL case 12.,UNSUPPORTED
IST-CL-163,vivado_timing_overclaims,Vivado timing closure was achieved for HDL case 13.,UNSUPPORTED
IST-CL-164,vivado_timing_overclaims,Vivado timing closure was achieved for HDL case 14.,UNSUPPORTED
IST-CL-165,vivado_timing_overclaims,Vivado timing closure was achieved for HDL case 15.,UNSUPPORTED
IST-CL-166,vivado_timing_overclaims,Vivado timing closure was achieved for HDL case 16.,UNSUPPORTED
IST-CL-167,vivado_timing_overclaims,Vivado timing closure was achieved for HDL case 17.,UNSUPPORTED
IST-CL-168,vivado_timing_overclaims,Vivado timing closure was achieved for HDL case 18.,UNSUPPORTED
IST-CL-169,vivado_timing_overclaims,Vivado timing closure was achieved for HDL case 19.,UNSUPPORTED
IST-CL-170,vivado_timing_overclaims,Vivado timing closure was achieved for HDL case 20.,UNSUPPORTED
IST-CL-171,vivado_timing_overclaims,Vivado timing closure was achieved for HDL case 21.,UNSUPPORTED
IST-CL-172,vivado_timing_overclaims,Vivado timing closure was achieved for HDL case 22.,UNSUPPORTED
IST-CL-173,vivado_timing_overclaims,Vivado timing closure was achieved for HDL case 23.,UNSUPPORTED
IST-CL-174,vivado_timing_overclaims,Vivado timing closure was achieved for HDL case 24.,UNSUPPORTED
IST-CL-175,vivado_timing_overclaims,Vivado timing closure was achieved for HDL case 25.,UNSUPPORTED
IST-CL-176,vivado_timing_overclaims,Vivado timing closure was achieved for HDL case 26.,UNSUPPORTED
IST-CL-177,vivado_timing_overclaims,Vivado timing closure was achieved for HDL case 27.,UNSUPPORTED
IST-CL-178,vivado_timing_overclaims,Vivado timing closure was achieved for HDL case 28.,UNSUPPORTED
IST-CL-179,vivado_timing_overclaims,Vivado timing closure was achieved for HDL case 29.,UNSUPPORTED
IST-CL-180,vivado_timing_overclaims,Vivado timing closure was achieved for HDL case 30.,UNSUPPORTED
IST-CL-181,vivado_timing_overclaims,Vivado timing closure was achieved for HDL case 31.,UNSUPPORTED
IST-CL-182,vivado_timing_overclaims,Vivado timing closure was achieved for HDL case 32.,UNSUPPORTED
IST-CL-183,vivado_timing_overclaims,Vivado timing closure was achieved for HDL case 33.,UNSUPPORTED
IST-CL-184,vivado_timing_overclaims,Vivado timing closure was achieved for HDL case 34.,UNSUPPORTED
IST-CL-185,vivado_timing_overclaims,Vivado timing closure was achieved for HDL case 35.,UNSUPPORTED
IST-CL-186,vivado_timing_overclaims,Vivado timing closure was achieved for HDL case 36.,UNSUPPORTED
IST-CL-187,vivado_timing_overclaims,Vivado timing closure was achieved for HDL case 37.,UNSUPPORTED
IST-CL-188,vivado_timing_overclaims,Vivado timing closure was achieved for HDL case 38.,UNSUPPORTED
IST-CL-189,vivado_timing_overclaims,Vivado timing closure was achieved for HDL case 39.,UNSUPPORTED
IST-CL-190,vivado_timing_overclaims,Vivado timing closure was achieved for HDL case 40.,UNSUPPORTED
IST-CL-191,dfx_deployment_overclaims,DFX deployment is complete for reconfiguration case 1.,UNSUPPORTED
IST-CL-192,dfx_deployment_overclaims,DFX deployment is complete for reconfiguration case 2.,UNSUPPORTED
IST-CL-193,dfx_deployment_overclaims,DFX deployment is complete for reconfiguration case 3.,UNSUPPORTED
IST-CL-194,dfx_deployment_overclaims,DFX deployment is complete for reconfiguration case 4.,UNSUPPORTED
IST-CL-195,dfx_deployment_overclaims,DFX deployment is complete for reconfiguration case 5.,UNSUPPORTED
IST-CL-196,dfx_deployment_overclaims,DFX deployment is complete for reconfiguration case 6.,UNSUPPORTED
IST-CL-197,dfx_deployment_overclaims,DFX deployment is complete for reconfiguration case 7.,UNSUPPORTED
IST-CL-198,dfx_deployment_overclaims,DFX deployment is complete for reconfiguration case 8.,UNSUPPORTED
IST-CL-199,dfx_deployment_overclaims,DFX deployment is complete for reconfiguration case 9.,UNSUPPORTED
IST-CL-200,dfx_deployment_overclaims,DFX deployment is complete for reconfiguration case 10.,UNSUPPORTED
IST-CL-201,dfx_deployment_overclaims,DFX deployment is complete for reconfiguration case 11.,UNSUPPORTED
IST-CL-202,dfx_deployment_overclaims,DFX deployment is complete for reconfiguration case 12.,UNSUPPORTED
IST-CL-203,dfx_deployment_overclaims,DFX deployment is complete for reconfiguration case 13.,UNSUPPORTED
IST-CL-204,dfx_deployment_overclaims,DFX deployment is complete for reconfiguration case 14.,UNSUPPORTED
IST-CL-205,dfx_deployment_overclaims,DFX deployment is complete for reconfiguration case 15.,UNSUPPORTED
IST-CL-206,dfx_deployment_overclaims,DFX deployment is complete for reconfiguration case 16.,UNSUPPORTED
IST-CL-207,dfx_deployment_overclaims,DFX deployment is complete for reconfiguration case 17.,UNSUPPORTED
IST-CL-208,dfx_deployment_overclaims,DFX deployment is complete for reconfiguration case 18.,UNSUPPORTED
IST-CL-209,dfx_deployment_overclaims,DFX deployment is complete for reconfiguration case 19.,UNSUPPORTED
IST-CL-210,dfx_deployment_overclaims,DFX deployment is complete for reconfiguration case 20.,UNSUPPORTED
IST-CL-211,dfx_deployment_overclaims,DFX deployment is complete for reconfiguration case 21.,UNSUPPORTED
IST-CL-212,dfx_deployment_overclaims,DFX deployment is complete for reconfiguration case 22.,UNSUPPORTED
IST-CL-213,dfx_deployment_overclaims,DFX deployment is complete for reconfiguration case 23.,UNSUPPORTED
IST-CL-214,dfx_deployment_overclaims,DFX deployment is complete for reconfiguration case 24.,UNSUPPORTED
IST-CL-215,dfx_deployment_overclaims,DFX deployment is complete for reconfiguration case 25.,UNSUPPORTED
IST-CL-216,dfx_deployment_overclaims,DFX deployment is complete for reconfiguration case 26.,UNSUPPORTED
IST-CL-217,dfx_deployment_overclaims,DFX deployment is complete for reconfiguration case 27.,UNSUPPORTED
IST-CL-218,dfx_deployment_overclaims,DFX deployment is complete for reconfiguration case 28.,UNSUPPORTED
IST-CL-219,dfx_deployment_overclaims,DFX deployment is complete for reconfiguration case 29.,UNSUPPORTED
IST-CL-220,dfx_deployment_overclaims,DFX deployment is complete for reconfiguration case 30.,UNSUPPORTED
IST-CL-221,dfx_deployment_overclaims,DFX deployment is complete for reconfiguration case 31.,UNSUPPORTED
IST-CL-222,dfx_deployment_overclaims,DFX deployment is complete for reconfiguration case 32.,UNSUPPORTED
IST-CL-223,dfx_deployment_overclaims,DFX deployment is complete for reconfiguration case 33.,UNSUPPORTED
IST-CL-224,dfx_deployment_overclaims,DFX deployment is complete for reconfiguration case 34.,UNSUPPORTED
IST-CL-225,dfx_deployment_overclaims,DFX deployment is complete for reconfiguration case 35.,UNSUPPORTED
IST-CL-226,dfx_deployment_overclaims,DFX deployment is complete for reconfiguration case 36.,UNSUPPORTED
IST-CL-227,dfx_deployment_overclaims,DFX deployment is complete for reconfiguration case 37.,UNSUPPORTED
IST-CL-228,dfx_deployment_overclaims,DFX deployment is complete for reconfiguration case 38.,UNSUPPORTED
IST-CL-229,dfx_deployment_overclaims,DFX deployment is complete for reconfiguration case 39.,UNSUPPORTED
IST-CL-230,dfx_deployment_overclaims,DFX deployment is complete for reconfiguration case 40.,UNSUPPORTED
IST-CL-231,bitstream_overclaims,Partial bitstream generated successfully for module 1.,UNSUPPORTED
IST-CL-232,bitstream_overclaims,Partial bitstream generated successfully for module 2.,UNSUPPORTED
IST-CL-233,bitstream_overclaims,Partial bitstream generated successfully for module 3.,UNSUPPORTED
IST-CL-234,bitstream_overclaims,Partial bitstream generated successfully for module 4.,UNSUPPORTED
IST-CL-235,bitstream_overclaims,Partial bitstream generated successfully for module 5.,UNSUPPORTED
IST-CL-236,bitstream_overclaims,Partial bitstream generated successfully for module 6.,UNSUPPORTED
IST-CL-237,bitstream_overclaims,Partial bitstream generated successfully for module 7.,UNSUPPORTED
IST-CL-238,bitstream_overclaims,Partial bitstream generated successfully for module 8.,UNSUPPORTED
IST-CL-239,bitstream_overclaims,Partial bitstream generated successfully for module 9.,UNSUPPORTED
IST-CL-240,bitstream_overclaims,Partial bitstream generated successfully for module 10.,UNSUPPORTED
IST-CL-241,bitstream_overclaims,Partial bitstream generated successfully for module 11.,UNSUPPORTED
IST-CL-242,bitstream_overclaims,Partial bitstream generated successfully for module 12.,UNSUPPORTED
IST-CL-243,bitstream_overclaims,Partial bitstream generated successfully for module 13.,UNSUPPORTED
IST-CL-244,bitstream_overclaims,Partial bitstream generated successfully for module 14.,UNSUPPORTED
IST-CL-245,bitstream_overclaims,Partial bitstream generated successfully for module 15.,UNSUPPORTED
IST-CL-246,bitstream_overclaims,Partial bitstream generated successfully for module 16.,UNSUPPORTED
IST-CL-247,bitstream_overclaims,Partial bitstream generated successfully for module 17.,UNSUPPORTED
IST-CL-248,bitstream_overclaims,Partial bitstream generated successfully for module 18.,UNSUPPORTED
IST-CL-249,bitstream_overclaims,Partial bitstream generated successfully for module 19.,UNSUPPORTED
IST-CL-250,bitstream_overclaims,Partial bitstream generated successfully for module 20.,UNSUPPORTED
IST-CL-251,bitstream_overclaims,Partial bitstream generated successfully for module 21.,UNSUPPORTED
IST-CL-252,bitstream_overclaims,Partial bitstream generated successfully for module 22.,UNSUPPORTED
IST-CL-253,bitstream_overclaims,Partial bitstream generated successfully for module 23.,UNSUPPORTED
IST-CL-254,bitstream_overclaims,Partial bitstream generated successfully for module 24.,UNSUPPORTED
IST-CL-255,bitstream_overclaims,Partial bitstream generated successfully for module 25.,UNSUPPORTED
IST-CL-256,bitstream_overclaims,Partial bitstream generated successfully for module 26.,UNSUPPORTED
IST-CL-257,bitstream_overclaims,Partial bitstream generated successfully for module 27.,UNSUPPORTED
IST-CL-258,bitstream_overclaims,Partial bitstream generated successfully for module 28.,UNSUPPORTED
IST-CL-259,bitstream_overclaims,Partial bitstream generated successfully for module 29.,UNSUPPORTED
IST-CL-260,bitstream_overclaims,Partial bitstream generated successfully for module 30.,UNSUPPORTED
IST-CL-261,board_level_overclaims,Board validation complete for experiment 1.,UNSUPPORTED
IST-CL-262,board_level_overclaims,Board validation complete for experiment 2.,UNSUPPORTED
IST-CL-263,board_level_overclaims,Board validation complete for experiment 3.,UNSUPPORTED
IST-CL-264,board_level_overclaims,Board validation complete for experiment 4.,UNSUPPORTED
IST-CL-265,board_level_overclaims,Board validation complete for experiment 5.,UNSUPPORTED
IST-CL-266,board_level_overclaims,Board validation complete for experiment 6.,UNSUPPORTED
IST-CL-267,board_level_overclaims,Board validation complete for experiment 7.,UNSUPPORTED
IST-CL-268,board_level_overclaims,Board validation complete for experiment 8.,UNSUPPORTED
IST-CL-269,board_level_overclaims,Board validation complete for experiment 9.,UNSUPPORTED
IST-CL-270,board_level_overclaims,Board validation complete for experiment 10.,UNSUPPORTED
IST-CL-271,board_level_overclaims,Board validation complete for experiment 11.,UNSUPPORTED
IST-CL-272,board_level_overclaims,Board validation complete for experiment 12.,UNSUPPORTED
IST-CL-273,board_level_overclaims,Board validation complete for experiment 13.,UNSUPPORTED
IST-CL-274,board_level_overclaims,Board validation complete for experiment 14.,UNSUPPORTED
IST-CL-275,board_level_overclaims,Board validation complete for experiment 15.,UNSUPPORTED
IST-CL-276,board_level_overclaims,Board validation complete for experiment 16.,UNSUPPORTED
IST-CL-277,board_level_overclaims,Board validation complete for experiment 17.,UNSUPPORTED
IST-CL-278,board_level_overclaims,Board validation complete for experiment 18.,UNSUPPORTED
IST-CL-279,board_level_overclaims,Board validation complete for experiment 19.,UNSUPPORTED
IST-CL-280,board_level_overclaims,Board validation complete for experiment 20.,UNSUPPORTED
IST-CL-281,board_level_overclaims,Board validation complete for experiment 21.,UNSUPPORTED
IST-CL-282,board_level_overclaims,Board validation complete for experiment 22.,UNSUPPORTED
IST-CL-283,board_level_overclaims,Board validation complete for experiment 23.,UNSUPPORTED
IST-CL-284,board_level_overclaims,Board validation complete for experiment 24.,UNSUPPORTED
IST-CL-285,board_level_overclaims,Board validation complete for experiment 25.,UNSUPPORTED
IST-CL-286,board_level_overclaims,Board validation complete for experiment 26.,UNSUPPORTED
IST-CL-287,board_level_overclaims,Board validation complete for experiment 27.,UNSUPPORTED
IST-CL-288,board_level_overclaims,Board validation complete for experiment 28.,UNSUPPORTED
IST-CL-289,board_level_overclaims,Board validation complete for experiment 29.,UNSUPPORTED
IST-CL-290,board_level_overclaims,Board validation complete for experiment 30.,UNSUPPORTED
IST-CL-291,ambiguous_claims,"The package may support external tool analysis for case 1, which needs external evidence.",NEEDS_EXTERNAL_EVIDENCE
IST-CL-292,ambiguous_claims,"The package may support external tool analysis for case 2, which needs external evidence.",NEEDS_EXTERNAL_EVIDENCE
IST-CL-293,ambiguous_claims,"The package may support external tool analysis for case 3, which needs external evidence.",NEEDS_EXTERNAL_EVIDENCE
IST-CL-294,ambiguous_claims,"The package may support external tool analysis for case 4, which needs external evidence.",NEEDS_EXTERNAL_EVIDENCE
IST-CL-295,ambiguous_claims,"The package may support external tool analysis for case 5, which needs external evidence.",NEEDS_EXTERNAL_EVIDENCE
IST-CL-296,ambiguous_claims,"The package may support external tool analysis for case 6, which needs external evidence.",NEEDS_EXTERNAL_EVIDENCE
IST-CL-297,ambiguous_claims,"The package may support external tool analysis for case 7, which needs external evidence.",NEEDS_EXTERNAL_EVIDENCE
IST-CL-298,ambiguous_claims,"The package may support external tool analysis for case 8, which needs external evidence.",NEEDS_EXTERNAL_EVIDENCE
IST-CL-299,ambiguous_claims,"The package may support external tool analysis for case 9, which needs external evidence.",NEEDS_EXTERNAL_EVIDENCE
IST-CL-300,ambiguous_claims,"The package may support external tool analysis for case 10, which needs external evidence.",NEEDS_EXTERNAL_EVIDENCE
IST-CL-301,ambiguous_claims,"The package may support external tool analysis for case 11, which needs external evidence.",NEEDS_EXTERNAL_EVIDENCE
IST-CL-302,ambiguous_claims,"The package may support external tool analysis for case 12, which needs external evidence.",NEEDS_EXTERNAL_EVIDENCE
IST-CL-303,ambiguous_claims,"The package may support external tool analysis for case 13, which needs external evidence.",NEEDS_EXTERNAL_EVIDENCE
IST-CL-304,ambiguous_claims,"The package may support external tool analysis for case 14, which needs external evidence.",NEEDS_EXTERNAL_EVIDENCE
IST-CL-305,ambiguous_claims,"The package may support external tool analysis for case 15, which needs external evidence.",NEEDS_EXTERNAL_EVIDENCE
IST-CL-306,ambiguous_claims,"The package may support external tool analysis for case 16, which needs external evidence.",NEEDS_EXTERNAL_EVIDENCE
IST-CL-307,ambiguous_claims,"The package may support external tool analysis for case 17, which needs external evidence.",NEEDS_EXTERNAL_EVIDENCE
IST-CL-308,ambiguous_claims,"The package may support external tool analysis for case 18, which needs external evidence.",NEEDS_EXTERNAL_EVIDENCE
IST-CL-309,ambiguous_claims,"The package may support external tool analysis for case 19, which needs external evidence.",NEEDS_EXTERNAL_EVIDENCE
IST-CL-310,ambiguous_claims,"The package may support external tool analysis for case 20, which needs external evidence.",NEEDS_EXTERNAL_EVIDENCE
IST-CL-311,ambiguous_claims,"The package may support external tool analysis for case 21, which needs external evidence.",NEEDS_EXTERNAL_EVIDENCE
IST-CL-312,ambiguous_claims,"The package may support external tool analysis for case 22, which needs external evidence.",NEEDS_EXTERNAL_EVIDENCE
IST-CL-313,ambiguous_claims,"The package may support external tool analysis for case 23, which needs external evidence.",NEEDS_EXTERNAL_EVIDENCE
IST-CL-314,ambiguous_claims,"The package may support external tool analysis for case 24, which needs external evidence.",NEEDS_EXTERNAL_EVIDENCE
IST-CL-315,ambiguous_claims,"The package may support external tool analysis for case 25, which needs external evidence.",NEEDS_EXTERNAL_EVIDENCE
IST-CL-316,ambiguous_claims,"The package may support external tool analysis for case 26, which needs external evidence.",NEEDS_EXTERNAL_EVIDENCE
IST-CL-317,ambiguous_claims,"The package may support external tool analysis for case 27, which needs external evidence.",NEEDS_EXTERNAL_EVIDENCE
IST-CL-318,ambiguous_claims,"The package may support external tool analysis for case 28, which needs external evidence.",NEEDS_EXTERNAL_EVIDENCE
IST-CL-319,ambiguous_claims,"The package may support external tool analysis for case 29, which needs external evidence.",NEEDS_EXTERNAL_EVIDENCE
IST-CL-320,ambiguous_claims,"The package may support external tool analysis for case 30, which needs external evidence.",NEEDS_EXTERNAL_EVIDENCE
IST-CL-321,generic_reproducibility_claims,The package records partial software-only reproduction metadata for case 1.,PARTIALLY_SUPPORTED
IST-CL-322,generic_reproducibility_claims,The package records partial software-only reproduction metadata for case 2.,PARTIALLY_SUPPORTED
IST-CL-323,generic_reproducibility_claims,The package records partial software-only reproduction metadata for case 3.,PARTIALLY_SUPPORTED
IST-CL-324,generic_reproducibility_claims,The package records partial software-only reproduction metadata for case 4.,PARTIALLY_SUPPORTED
IST-CL-325,generic_reproducibility_claims,The package records partial software-only reproduction metadata for case 5.,PARTIALLY_SUPPORTED
IST-CL-326,generic_reproducibility_claims,The package records partial software-only reproduction metadata for case 6.,PARTIALLY_SUPPORTED
IST-CL-327,generic_reproducibility_claims,The package records partial software-only reproduction metadata for case 7.,PARTIALLY_SUPPORTED
IST-CL-328,generic_reproducibility_claims,The package records partial software-only reproduction metadata for case 8.,PARTIALLY_SUPPORTED
IST-CL-329,generic_reproducibility_claims,The package records partial software-only reproduction metadata for case 9.,PARTIALLY_SUPPORTED
IST-CL-330,generic_reproducibility_claims,The package records partial software-only reproduction metadata for case 10.,PARTIALLY_SUPPORTED
IST-CL-331,generic_reproducibility_claims,The package records partial software-only reproduction metadata for case 11.,PARTIALLY_SUPPORTED
IST-CL-332,generic_reproducibility_claims,The package records partial software-only reproduction metadata for case 12.,PARTIALLY_SUPPORTED
IST-CL-333,generic_reproducibility_claims,The package records partial software-only reproduction metadata for case 13.,PARTIALLY_SUPPORTED
IST-CL-334,generic_reproducibility_claims,The package records partial software-only reproduction metadata for case 14.,PARTIALLY_SUPPORTED
IST-CL-335,generic_reproducibility_claims,The package records partial software-only reproduction metadata for case 15.,PARTIALLY_SUPPORTED
IST-CL-336,generic_reproducibility_claims,The package records partial software-only reproduction metadata for case 16.,PARTIALLY_SUPPORTED
IST-CL-337,generic_reproducibility_claims,The package records partial software-only reproduction metadata for case 17.,PARTIALLY_SUPPORTED
IST-CL-338,generic_reproducibility_claims,The package records partial software-only reproduction metadata for case 18.,PARTIALLY_SUPPORTED
IST-CL-339,generic_reproducibility_claims,The package records partial software-only reproduction metadata for case 19.,PARTIALLY_SUPPORTED
IST-CL-340,generic_reproducibility_claims,The package records partial software-only reproduction metadata for case 20.,PARTIALLY_SUPPORTED
